"Date","Open","High","Low","Close","Volume"
"Mon Apr 20 2026 16:00:00 GMT+0530 (India Standard Time)","16014.00","16014.00","15992.00","15992.00","26.00"
"Mon Apr 20 2026 17:00:00 GMT+0530 (India Standard Time)","15992.00","16059.00","15992.00","16027.00","281.00"
"Mon Apr 20 2026 18:00:00 GMT+0530 (India Standard Time)","16036.00","16059.00","16018.00","16059.00","160.00"
"Mon Apr 20 2026 19:00:00 GMT+0530 (India Standard Time)","16059.00","16067.00","16029.00","16064.00","137.00"
"Mon Apr 20 2026 20:00:00 GMT+0530 (India Standard Time)","16064.00","16065.00","16009.00","16048.00","263.00"
"Mon Apr 20 2026 21:00:00 GMT+0530 (India Standard Time)","16048.00","16048.00","16022.00","16027.00","68.00"
"Mon Apr 20 2026 22:00:00 GMT+0530 (India Standard Time)","16026.00","16042.00","16026.00","16038.00","30.00"
"Mon Apr 20 2026 23:00:00 GMT+0530 (India Standard Time)","16037.00","16039.00","16020.00","16020.00","101.00"
"Tue Apr 21 2026 09:00:00 GMT+0530 (India Standard Time)","16040.00","16073.00","16027.00","16036.00","244.00"
"Tue Apr 21 2026 10:00:00 GMT+0530 (India Standard Time)","16036.00","16041.00","16025.00","16037.00","91.00"
"Tue Apr 21 2026 11:00:00 GMT+0530 (India Standard Time)","16037.00","16049.00","16016.00","16016.00","177.00"
"Tue Apr 21 2026 12:00:00 GMT+0530 (India Standard Time)","16016.00","16026.00","16003.00","16024.00","67.00"
"Tue Apr 21 2026 13:00:00 GMT+0530 (India Standard Time)","16024.00","16036.00","16021.00","16035.00","40.00"
"Tue Apr 21 2026 14:00:00 GMT+0530 (India Standard Time)","16035.00","16042.00","16029.00","16029.00","15.00"
"Tue Apr 21 2026 15:00:00 GMT+0530 (India Standard Time)","16023.00","16037.00","16023.00","16027.00","16.00"
"Tue Apr 21 2026 16:00:00 GMT+0530 (India Standard Time)","16027.00","16028.00","16024.00","16024.00","23.00"
"Tue Apr 21 2026 17:00:00 GMT+0530 (India Standard Time)","16028.00","16045.00","16021.00","16032.00","225.00"
"Tue Apr 21 2026 18:00:00 GMT+0530 (India Standard Time)","16008.00","16031.00","15990.00","16000.00","87.00"
"Tue Apr 21 2026 19:00:00 GMT+0530 (India Standard Time)","16005.00","16045.00","15997.00","16013.00","311.00"
"Tue Apr 21 2026 20:00:00 GMT+0530 (India Standard Time)","16013.00","16015.00","15928.00","15959.00","486.00"
"Tue Apr 21 2026 21:00:00 GMT+0530 (India Standard Time)","15959.00","15988.00","15912.00","15912.00","233.00"
"Tue Apr 21 2026 22:00:00 GMT+0530 (India Standard Time)","15921.00","15931.00","15871.00","15903.00","430.00"
"Tue Apr 21 2026 23:00:00 GMT+0530 (India Standard Time)","15903.00","15943.00","15893.00","15943.00","196.00"
"Wed Apr 22 2026 09:00:00 GMT+0530 (India Standard Time)","16020.00","16031.00","15988.00","16000.00","124.00"
"Wed Apr 22 2026 10:00:00 GMT+0530 (India Standard Time)","16000.00","16013.00","15983.00","16011.00","258.00"
"Wed Apr 22 2026 11:00:00 GMT+0530 (India Standard Time)","16011.00","16025.00","16001.00","16010.00","100.00"
"Wed Apr 22 2026 12:00:00 GMT+0530 (India Standard Time)","16009.00","16032.00","16003.00","16032.00","220.00"
"Wed Apr 22 2026 13:00:00 GMT+0530 (India Standard Time)","16032.00","16032.00","15987.00","15994.00","110.00"
"Wed Apr 22 2026 14:00:00 GMT+0530 (India Standard Time)","15994.00","16015.00","15984.00","16007.00","32.00"
"Wed Apr 22 2026 15:00:00 GMT+0530 (India Standard Time)","16007.00","16013.00","15982.00","15994.00","210.00"
"Wed Apr 22 2026 16:00:00 GMT+0530 (India Standard Time)","15994.00","16004.00","15987.00","16000.00","125.00"
"Wed Apr 22 2026 17:00:00 GMT+0530 (India Standard Time)","16000.00","16001.00","15976.00","15992.00","74.00"
"Wed Apr 22 2026 18:00:00 GMT+0530 (India Standard Time)","15992.00","15992.00","15951.00","15974.00","168.00"
"Wed Apr 22 2026 19:00:00 GMT+0530 (India Standard Time)","15974.00","16003.00","15963.00","15989.00","205.00"
"Wed Apr 22 2026 20:00:00 GMT+0530 (India Standard Time)","15989.00","15989.00","15950.00","15967.00","82.00"
"Wed Apr 22 2026 21:00:00 GMT+0530 (India Standard Time)","15967.00","15967.00","15940.00","15948.00","126.00"
"Wed Apr 22 2026 22:00:00 GMT+0530 (India Standard Time)","15948.00","15973.00","15945.00","15966.00","184.00"
"Wed Apr 22 2026 23:00:00 GMT+0530 (India Standard Time)","15968.00","16005.00","15963.00","16005.00","190.00"
"Thu Apr 23 2026 09:00:00 GMT+0530 (India Standard Time)","15909.00","15955.00","15909.00","15931.00","343.00"
"Thu Apr 23 2026 10:00:00 GMT+0530 (India Standard Time)","15931.00","15945.00","15925.00","15942.00","73.00"
"Thu Apr 23 2026 11:00:00 GMT+0530 (India Standard Time)","15942.00","15949.00","15921.00","15939.00","168.00"
"Thu Apr 23 2026 12:00:00 GMT+0530 (India Standard Time)","15939.00","15957.00","15928.00","15934.00","61.00"
"Thu Apr 23 2026 13:00:00 GMT+0530 (India Standard Time)","15934.00","15964.00","15928.00","15948.00","75.00"
"Thu Apr 23 2026 14:00:00 GMT+0530 (India Standard Time)","15947.00","15947.00","15911.00","15918.00","238.00"
"Thu Apr 23 2026 15:00:00 GMT+0530 (India Standard Time)","15915.00","15915.00","15889.00","15891.00","290.00"
"Thu Apr 23 2026 16:00:00 GMT+0530 (India Standard Time)","15891.00","15905.00","15883.00","15899.00","201.00"
"Thu Apr 23 2026 17:00:00 GMT+0530 (India Standard Time)","15903.00","15978.00","15895.00","15967.00","466.00"
"Thu Apr 23 2026 18:00:00 GMT+0530 (India Standard Time)","15967.00","15987.00","15937.00","15945.00","317.00"
"Thu Apr 23 2026 19:00:00 GMT+0530 (India Standard Time)","15945.00","15970.00","15929.00","15966.00","71.00"
"Thu Apr 23 2026 20:00:00 GMT+0530 (India Standard Time)","15966.00","15970.00","15954.00","15966.00","41.00"
"Thu Apr 23 2026 21:00:00 GMT+0530 (India Standard Time)","15959.00","15959.00","15936.00","15946.00","67.00"
"Thu Apr 23 2026 22:00:00 GMT+0530 (India Standard Time)","15946.00","15967.00","15929.00","15936.00","113.00"
"Thu Apr 23 2026 23:00:00 GMT+0530 (India Standard Time)","15932.00","15936.00","15883.00","15931.00","443.00"
"Fri Apr 24 2026 09:00:00 GMT+0530 (India Standard Time)","15839.00","15879.00","15814.00","15824.00","674.00"
"Fri Apr 24 2026 10:00:00 GMT+0530 (India Standard Time)","15824.00","15859.00","15817.00","15850.00","291.00"
"Fri Apr 24 2026 11:00:00 GMT+0530 (India Standard Time)","15850.00","15879.00","15836.00","15836.00","88.00"
"Fri Apr 24 2026 12:00:00 GMT+0530 (India Standard Time)","15836.00","15856.00","15834.00","15847.00","106.00"
"Fri Apr 24 2026 13:00:00 GMT+0530 (India Standard Time)","15847.00","15878.00","15847.00","15866.00","61.00"
"Fri Apr 24 2026 14:00:00 GMT+0530 (India Standard Time)","15866.00","15885.00","15861.00","15864.00","109.00"
"Fri Apr 24 2026 15:00:00 GMT+0530 (India Standard Time)","15862.00","15872.00","15851.00","15864.00","78.00"
"Fri Apr 24 2026 16:00:00 GMT+0530 (India Standard Time)","15859.00","15928.00","15850.00","15928.00","148.00"
"Fri Apr 24 2026 17:00:00 GMT+0530 (India Standard Time)","15929.00","15930.00","15899.00","15930.00","123.00"
"Fri Apr 24 2026 18:00:00 GMT+0530 (India Standard Time)","15905.00","15916.00","15885.00","15914.00","127.00"
"Fri Apr 24 2026 19:00:00 GMT+0530 (India Standard Time)","15914.00","15973.00","15895.00","15950.00","206.00"
"Fri Apr 24 2026 20:00:00 GMT+0530 (India Standard Time)","15950.00","15960.00","15934.00","15938.00","94.00"
"Fri Apr 24 2026 21:00:00 GMT+0530 (India Standard Time)","15951.00","15960.00","15935.00","15953.00","120.00"
"Fri Apr 24 2026 22:00:00 GMT+0530 (India Standard Time)","15953.00","15957.00","15935.00","15937.00","98.00"
"Fri Apr 24 2026 23:00:00 GMT+0530 (India Standard Time)","15938.00","15950.00","15859.00","15943.00","342.00"
"Mon Apr 27 2026 09:00:00 GMT+0530 (India Standard Time)","15930.00","15986.00","15930.00","15960.00","344.00"
"Mon Apr 27 2026 10:00:00 GMT+0530 (India Standard Time)","15960.00","15981.00","15941.00","15946.00","154.00"
"Mon Apr 27 2026 11:00:00 GMT+0530 (India Standard Time)","15946.00","15946.00","15922.00","15939.00","79.00"
"Mon Apr 27 2026 12:00:00 GMT+0530 (India Standard Time)","15927.00","15948.00","15927.00","15936.00","73.00"
"Mon Apr 27 2026 13:00:00 GMT+0530 (India Standard Time)","15936.00","15943.00","15921.00","15921.00","75.00"
"Mon Apr 27 2026 14:00:00 GMT+0530 (India Standard Time)","15921.00","15931.00","15910.00","15911.00","175.00"
"Mon Apr 27 2026 15:00:00 GMT+0530 (India Standard Time)","15911.00","15921.00","15902.00","15913.00","162.00"
"Mon Apr 27 2026 16:00:00 GMT+0530 (India Standard Time)","15915.00","15938.00","15913.00","15930.00","296.00"
"Mon Apr 27 2026 17:00:00 GMT+0530 (India Standard Time)","15930.00","15936.00","15910.00","15918.00","90.00"
"Mon Apr 27 2026 18:00:00 GMT+0530 (India Standard Time)","15927.00","15927.00","15888.00","15903.00","192.00"
"Mon Apr 27 2026 19:00:00 GMT+0530 (India Standard Time)","15891.00","15902.00","15886.00","15890.00","195.00"
"Mon Apr 27 2026 20:00:00 GMT+0530 (India Standard Time)","15890.00","15911.00","15857.00","15878.00","290.00"
"Mon Apr 27 2026 21:00:00 GMT+0530 (India Standard Time)","15874.00","15881.00","15853.00","15867.00","325.00"
"Mon Apr 27 2026 22:00:00 GMT+0530 (India Standard Time)","15867.00","15881.00","15826.00","15845.00","1022.00"
"Mon Apr 27 2026 23:00:00 GMT+0530 (India Standard Time)","15841.00","15866.00","15833.00","15866.00","291.00"
"Tue Apr 28 2026 09:00:00 GMT+0530 (India Standard Time)","15845.00","15854.00","15824.00","15827.00","209.00"
"Tue Apr 28 2026 10:00:00 GMT+0530 (India Standard Time)","15827.00","15833.00","15787.00","15803.00","274.00"
"Tue Apr 28 2026 11:00:00 GMT+0530 (India Standard Time)","15803.00","15803.00","15723.00","15761.00","846.00"
"Tue Apr 28 2026 12:00:00 GMT+0530 (India Standard Time)","15761.00","15770.00","15743.00","15753.00","236.00"
"Tue Apr 28 2026 13:00:00 GMT+0530 (India Standard Time)","15753.00","15759.00","15721.00","15733.00","173.00"
"Tue Apr 28 2026 14:00:00 GMT+0530 (India Standard Time)","15733.00","15754.00","15729.00","15729.00","171.00"
"Tue Apr 28 2026 15:00:00 GMT+0530 (India Standard Time)","15729.00","15732.00","15696.00","15718.00","556.00"
"Tue Apr 28 2026 16:00:00 GMT+0530 (India Standard Time)","15718.00","15728.00","15575.00","15665.00","1035.00"
"Tue Apr 28 2026 17:00:00 GMT+0530 (India Standard Time)","15665.00","15665.00","15519.00","15644.00","1843.00"
"Tue Apr 28 2026 18:00:00 GMT+0530 (India Standard Time)","15642.00","15691.00","15630.00","15657.00","1075.00"
"Tue Apr 28 2026 19:00:00 GMT+0530 (India Standard Time)","15652.00","15686.00","15630.00","15641.00","237.00"
"Tue Apr 28 2026 20:00:00 GMT+0530 (India Standard Time)","15639.00","15656.00","15606.00","15634.00","414.00"
"Tue Apr 28 2026 21:00:00 GMT+0530 (India Standard Time)","15639.00","15666.00","15632.00","15656.00","183.00"
"Tue Apr 28 2026 22:00:00 GMT+0530 (India Standard Time)","15656.00","15690.00","15639.00","15680.00","181.00"
"Tue Apr 28 2026 23:00:00 GMT+0530 (India Standard Time)","15680.00","15710.00","15668.00","15668.00","352.00"
"Wed Apr 29 2026 09:00:00 GMT+0530 (India Standard Time)","15693.00","15701.00","15663.00","15698.00","733.00"
"Wed Apr 29 2026 10:00:00 GMT+0530 (India Standard Time)","15698.00","15728.00","15696.00","15714.00","359.00"
"Wed Apr 29 2026 11:00:00 GMT+0530 (India Standard Time)","15714.00","15714.00","15660.00","15673.00","299.00"
"Wed Apr 29 2026 12:00:00 GMT+0530 (India Standard Time)","15667.00","15670.00","15619.00","15624.00","411.00"
"Wed Apr 29 2026 13:00:00 GMT+0530 (India Standard Time)","15624.00","15636.00","15607.00","15615.00","307.00"
"Wed Apr 29 2026 14:00:00 GMT+0530 (India Standard Time)","15615.00","15648.00","15596.00","15615.00","411.00"
"Wed Apr 29 2026 15:00:00 GMT+0530 (India Standard Time)","15615.00","15629.00","15584.00","15623.00","267.00"
"Wed Apr 29 2026 16:00:00 GMT+0530 (India Standard Time)","15628.00","15634.00","15603.00","15605.00","144.00"
"Wed Apr 29 2026 17:00:00 GMT+0530 (India Standard Time)","15605.00","15633.00","15604.00","15611.00","153.00"
"Wed Apr 29 2026 18:00:00 GMT+0530 (India Standard Time)","15611.00","15611.00","15556.00","15566.00","368.00"
"Wed Apr 29 2026 19:00:00 GMT+0530 (India Standard Time)","15560.00","15576.00","15521.00","15569.00","909.00"
"Wed Apr 29 2026 20:00:00 GMT+0530 (India Standard Time)","15569.00","15592.00","15550.00","15576.00","223.00"
"Wed Apr 29 2026 21:00:00 GMT+0530 (India Standard Time)","15576.00","15635.00","15576.00","15619.00","273.00"
"Wed Apr 29 2026 22:00:00 GMT+0530 (India Standard Time)","15619.00","15619.00","15581.00","15605.00","274.00"
"Wed Apr 29 2026 23:00:00 GMT+0530 (India Standard Time)","15603.00","15609.00","15560.00","15596.00","318.00"
"Thu Apr 30 2026 09:00:00 GMT+0530 (India Standard Time)","15643.00","15643.00","15601.00","15601.00","286.00"
"Thu Apr 30 2026 10:00:00 GMT+0530 (India Standard Time)","15601.00","15638.00","15588.00","15631.00","440.00"
"Thu Apr 30 2026 11:00:00 GMT+0530 (India Standard Time)","15631.00","15697.00","15631.00","15683.00","702.00"
"Thu Apr 30 2026 12:00:00 GMT+0530 (India Standard Time)","15683.00","15748.00","15683.00","15728.00","1105.00"
"Thu Apr 30 2026 13:00:00 GMT+0530 (India Standard Time)","15728.00","15805.00","15717.00","15790.00","556.00"
"Thu Apr 30 2026 14:00:00 GMT+0530 (India Standard Time)","15790.00","15800.00","15764.00","15796.00","313.00"
"Thu Apr 30 2026 15:00:00 GMT+0530 (India Standard Time)","15796.00","15815.00","15775.00","15815.00","423.00"
"Thu Apr 30 2026 16:00:00 GMT+0530 (India Standard Time)","15815.00","15826.00","15797.00","15800.00","306.00"
"Thu Apr 30 2026 17:00:00 GMT+0530 (India Standard Time)","15800.00","15808.00","15775.00","15798.00","124.00"
"Thu Apr 30 2026 18:00:00 GMT+0530 (India Standard Time)","15798.00","15815.00","15771.00","15800.00","189.00"
"Thu Apr 30 2026 19:00:00 GMT+0530 (India Standard Time)","15800.00","15800.00","15728.00","15768.00","1231.00"
"Thu Apr 30 2026 20:00:00 GMT+0530 (India Standard Time)","15768.00","15768.00","15738.00","15764.00","169.00"
"Thu Apr 30 2026 21:00:00 GMT+0530 (India Standard Time)","15764.00","15776.00","15734.00","15738.00","332.00"
"Thu Apr 30 2026 22:00:00 GMT+0530 (India Standard Time)","15734.00","15767.00","15734.00","15760.00","701.00"
"Thu Apr 30 2026 23:00:00 GMT+0530 (India Standard Time)","15760.00","15765.00","15745.00","15745.00","529.00"
"Fri May 01 2026 17:00:00 GMT+0530 (India Standard Time)","15698.00","15788.00","15643.00","15765.00","755.00"
"Fri May 01 2026 18:00:00 GMT+0530 (India Standard Time)","15771.00","15771.00","15725.00","15736.00","451.00"
"Fri May 01 2026 19:00:00 GMT+0530 (India Standard Time)","15736.00","15861.00","15727.00","15817.00","814.00"
"Fri May 01 2026 20:00:00 GMT+0530 (India Standard Time)","15817.00","15828.00","15778.00","15805.00","380.00"
"Fri May 01 2026 21:00:00 GMT+0530 (India Standard Time)","15805.00","15829.00","15805.00","15805.00","140.00"
"Fri May 01 2026 22:00:00 GMT+0530 (India Standard Time)","15800.00","15817.00","15789.00","15791.00","247.00"
"Fri May 01 2026 23:00:00 GMT+0530 (India Standard Time)","15791.00","15791.00","15772.00","15782.00","362.00"
"Mon May 04 2026 09:00:00 GMT+0530 (India Standard Time)","15806.00","15810.00","15751.00","15777.00","186.00"
"Mon May 04 2026 10:00:00 GMT+0530 (India Standard Time)","15787.00","15791.00","15736.00","15737.00","357.00"
"Mon May 04 2026 11:00:00 GMT+0530 (India Standard Time)","15737.00","15762.00","15720.00","15726.00","1161.00"
"Mon May 04 2026 12:00:00 GMT+0530 (India Standard Time)","15726.00","15734.00","15713.00","15721.00","179.00"
"Mon May 04 2026 13:00:00 GMT+0530 (India Standard Time)","15721.00","15728.00","15694.00","15707.00","169.00"
"Mon May 04 2026 14:00:00 GMT+0530 (India Standard Time)","15706.00","15727.00","15695.00","15727.00","141.00"
"Mon May 04 2026 15:00:00 GMT+0530 (India Standard Time)","15723.00","15731.00","15620.00","15651.00","1111.00"
"Mon May 04 2026 16:00:00 GMT+0530 (India Standard Time)","15651.00","15710.00","15647.00","15684.00","336.00"
"Mon May 04 2026 17:00:00 GMT+0530 (India Standard Time)","15684.00","15731.00","15658.00","15717.00","460.00"
"Mon May 04 2026 18:00:00 GMT+0530 (India Standard Time)","15715.00","15739.00","15706.00","15713.00","242.00"
"Mon May 04 2026 19:00:00 GMT+0530 (India Standard Time)","15713.00","15749.00","15690.00","15718.00","263.00"
"Mon May 04 2026 20:00:00 GMT+0530 (India Standard Time)","15715.00","15742.00","15625.00","15672.00","463.00"
"Mon May 04 2026 21:00:00 GMT+0530 (India Standard Time)","15673.00","15673.00","15620.00","15635.00","444.00"
"Mon May 04 2026 22:00:00 GMT+0530 (India Standard Time)","15638.00","15670.00","15632.00","15648.00","358.00"
"Mon May 04 2026 23:00:00 GMT+0530 (India Standard Time)","15648.00","15665.00","15641.00","15648.00","439.00"
"Tue May 05 2026 09:00:00 GMT+0530 (India Standard Time)","15676.00","15678.00","15629.00","15635.00","279.00"
"Tue May 05 2026 10:00:00 GMT+0530 (India Standard Time)","15637.00","15667.00","15637.00","15658.00","92.00"
"Tue May 05 2026 11:00:00 GMT+0530 (India Standard Time)","15658.00","15692.00","15642.00","15648.00","463.00"
"Tue May 05 2026 12:00:00 GMT+0530 (India Standard Time)","15653.00","15685.00","15653.00","15680.00","233.00"
"Tue May 05 2026 13:00:00 GMT+0530 (India Standard Time)","15680.00","15692.00","15661.00","15675.00","85.00"
"Tue May 05 2026 14:00:00 GMT+0530 (India Standard Time)","15671.00","15697.00","15671.00","15684.00","171.00"
"Tue May 05 2026 15:00:00 GMT+0530 (India Standard Time)","15684.00","15688.00","15658.00","15658.00","50.00"
"Tue May 05 2026 16:00:00 GMT+0530 (India Standard Time)","15657.00","15667.00","15640.00","15660.00","120.00"
"Tue May 05 2026 17:00:00 GMT+0530 (India Standard Time)","15660.00","15705.00","15660.00","15704.00","244.00"
"Tue May 05 2026 18:00:00 GMT+0530 (India Standard Time)","15704.00","15719.00","15680.00","15703.00","491.00"
"Tue May 05 2026 19:00:00 GMT+0530 (India Standard Time)","15703.00","15717.00","15685.00","15716.00","211.00"
"Tue May 05 2026 20:00:00 GMT+0530 (India Standard Time)","15711.00","15713.00","15693.00","15698.00","78.00"
"Tue May 05 2026 21:00:00 GMT+0530 (India Standard Time)","15698.00","15704.00","15669.00","15674.00","147.00"
"Tue May 05 2026 22:00:00 GMT+0530 (India Standard Time)","15670.00","15689.00","15660.00","15679.00","252.00"
"Tue May 05 2026 23:00:00 GMT+0530 (India Standard Time)","15679.00","15688.00","15670.00","15671.00","296.00"
"Wed May 06 2026 09:00:00 GMT+0530 (India Standard Time)","15731.00","15875.00","15731.00","15841.00","1335.00"
"Wed May 06 2026 10:00:00 GMT+0530 (India Standard Time)","15841.00","15847.00","15827.00","15840.00","385.00"
"Wed May 06 2026 11:00:00 GMT+0530 (India Standard Time)","15834.00","15888.00","15816.00","15887.00","1044.00"
"Wed May 06 2026 12:00:00 GMT+0530 (India Standard Time)","15887.00","15887.00","15835.00","15863.00","569.00"
"Wed May 06 2026 13:00:00 GMT+0530 (India Standard Time)","15860.00","15885.00","15853.00","15868.00","252.00"
"Wed May 06 2026 14:00:00 GMT+0530 (India Standard Time)","15868.00","15903.00","15850.00","15878.00","641.00"
"Wed May 06 2026 15:00:00 GMT+0530 (India Standard Time)","15877.00","15900.00","15873.00","15893.00","296.00"
"Wed May 06 2026 16:00:00 GMT+0530 (India Standard Time)","15898.00","15913.00","15887.00","15890.00","424.00"
"Wed May 06 2026 17:00:00 GMT+0530 (India Standard Time)","15890.00","15910.00","15814.00","15872.00","535.00"
"Wed May 06 2026 18:00:00 GMT+0530 (India Standard Time)","15872.00","15887.00","15847.00","15873.00","546.00"
"Wed May 06 2026 19:00:00 GMT+0530 (India Standard Time)","15873.00","15912.00","15866.00","15890.00","817.00"
"Wed May 06 2026 20:00:00 GMT+0530 (India Standard Time)","15890.00","15900.00","15862.00","15872.00","539.00"
"Wed May 06 2026 21:00:00 GMT+0530 (India Standard Time)","15872.00","15878.00","15857.00","15873.00","314.00"
"Wed May 06 2026 22:00:00 GMT+0530 (India Standard Time)","15873.00","15879.00","15860.00","15874.00","502.00"
"Wed May 06 2026 23:00:00 GMT+0530 (India Standard Time)","15874.00","15883.00","15862.00","15862.00","553.00"
"Thu May 07 2026 09:00:00 GMT+0530 (India Standard Time)","15918.00","15920.00","15891.00","15900.00","634.00"
"Thu May 07 2026 10:00:00 GMT+0530 (India Standard Time)","15898.00","15913.00","15890.00","15892.00","485.00"
"Thu May 07 2026 11:00:00 GMT+0530 (India Standard Time)","15892.00","15933.00","15892.00","15933.00","474.00"
"Thu May 07 2026 12:00:00 GMT+0530 (India Standard Time)","15933.00","15999.00","15933.00","15961.00","1750.00"
"Thu May 07 2026 13:00:00 GMT+0530 (India Standard Time)","15961.00","15980.00","15927.00","15940.00","996.00"
"Thu May 07 2026 14:00:00 GMT+0530 (India Standard Time)","15940.00","15949.00","15900.00","15938.00","731.00"
"Thu May 07 2026 15:00:00 GMT+0530 (India Standard Time)","15938.00","15958.00","15931.00","15935.00","172.00"
"Thu May 07 2026 16:00:00 GMT+0530 (India Standard Time)","15935.00","15956.00","15931.00","15942.00","348.00"
"Thu May 07 2026 17:00:00 GMT+0530 (India Standard Time)","15942.00","15970.00","15942.00","15954.00","522.00"
"Thu May 07 2026 18:00:00 GMT+0530 (India Standard Time)","15954.00","15972.00","15930.00","15951.00","533.00"
"Thu May 07 2026 19:00:00 GMT+0530 (India Standard Time)","15961.00","15976.00","15942.00","15975.00","421.00"
"Thu May 07 2026 20:00:00 GMT+0530 (India Standard Time)","15970.00","15977.00","15942.00","15946.00","512.00"
"Thu May 07 2026 21:00:00 GMT+0530 (India Standard Time)","15949.00","15961.00","15885.00","15928.00","704.00"
"Thu May 07 2026 22:00:00 GMT+0530 (India Standard Time)","15928.00","15928.00","15876.00","15888.00","769.00"
"Thu May 07 2026 23:00:00 GMT+0530 (India Standard Time)","15888.00","15910.00","15855.00","15869.00","1136.00"
"Fri May 08 2026 09:00:00 GMT+0530 (India Standard Time)","15941.00","15950.00","15895.00","15927.00","768.00"
"Fri May 08 2026 10:00:00 GMT+0530 (India Standard Time)","15927.00","15927.00","15897.00","15920.00","687.00"
"Fri May 08 2026 11:00:00 GMT+0530 (India Standard Time)","15931.00","15950.00","15915.00","15950.00","531.00"
"Fri May 08 2026 12:00:00 GMT+0530 (India Standard Time)","15950.00","15950.00","15890.00","15918.00","349.00"
"Fri May 08 2026 13:00:00 GMT+0530 (India Standard Time)","15918.00","15946.00","15910.00","15928.00","211.00"
"Fri May 08 2026 14:00:00 GMT+0530 (India Standard Time)","15928.00","15930.00","15915.00","15925.00","82.00"
"Fri May 08 2026 15:00:00 GMT+0530 (India Standard Time)","15925.00","15935.00","15907.00","15930.00","211.00"
"Fri May 08 2026 16:00:00 GMT+0530 (India Standard Time)","15930.00","15942.00","15925.00","15935.00","220.00"
"Fri May 08 2026 17:00:00 GMT+0530 (India Standard Time)","15935.00","15939.00","15907.00","15919.00","240.00"
"Fri May 08 2026 18:00:00 GMT+0530 (India Standard Time)","15919.00","15945.00","15912.00","15929.00","216.00"
"Fri May 08 2026 19:00:00 GMT+0530 (India Standard Time)","15929.00","15968.00","15927.00","15927.00","663.00"
"Fri May 08 2026 20:00:00 GMT+0530 (India Standard Time)","15926.00","15936.00","15901.00","15921.00","521.00"
"Fri May 08 2026 21:00:00 GMT+0530 (India Standard Time)","15921.00","15928.00","15900.00","15918.00","265.00"
"Fri May 08 2026 22:00:00 GMT+0530 (India Standard Time)","15918.00","15920.00","15901.00","15917.00","292.00"
"Fri May 08 2026 23:00:00 GMT+0530 (India Standard Time)","15917.00","15930.00","15910.00","15926.00","474.00"
"Mon May 11 2026 09:00:00 GMT+0530 (India Standard Time)","15866.00","15886.00","15827.00","15844.00","1414.00"
"Mon May 11 2026 10:00:00 GMT+0530 (India Standard Time)","15844.00","15859.00","15834.00","15854.00","512.00"
"Mon May 11 2026 11:00:00 GMT+0530 (India Standard Time)","15854.00","15860.00","15806.00","15837.00","1457.00"
"Mon May 11 2026 12:00:00 GMT+0530 (India Standard Time)","15837.00","15869.00","15837.00","15869.00","453.00"
"Mon May 11 2026 13:00:00 GMT+0530 (India Standard Time)","15869.00","15869.00","15840.00","15861.00","169.00"
"Mon May 11 2026 14:00:00 GMT+0530 (India Standard Time)","15861.00","15863.00","15836.00","15836.00","64.00"
"Mon May 11 2026 15:00:00 GMT+0530 (India Standard Time)","15836.00","15856.00","15827.00","15843.00","350.00"
"Mon May 11 2026 16:00:00 GMT+0530 (India Standard Time)","15843.00","15862.00","15839.00","15858.00","158.00"
"Mon May 11 2026 17:00:00 GMT+0530 (India Standard Time)","15858.00","15911.00","15855.00","15906.00","456.00"
"Mon May 11 2026 18:00:00 GMT+0530 (India Standard Time)","15911.00","15994.00","15901.00","15971.00","1451.00"
"Mon May 11 2026 19:00:00 GMT+0530 (India Standard Time)","15971.00","16010.00","15938.00","15958.00","1450.00"
"Mon May 11 2026 20:00:00 GMT+0530 (India Standard Time)","15958.00","15994.00","15945.00","15982.00","689.00"
"Mon May 11 2026 21:00:00 GMT+0530 (India Standard Time)","15982.00","15993.00","15956.00","15966.00","750.00"
"Mon May 11 2026 22:00:00 GMT+0530 (India Standard Time)","15966.00","15970.00","15940.00","15963.00","359.00"
"Mon May 11 2026 23:00:00 GMT+0530 (India Standard Time)","15963.00","15985.00","15956.00","15985.00","466.00"
"Tue May 12 2026 09:00:00 GMT+0530 (India Standard Time)","15971.00","16023.00","15961.00","16010.00","1625.00"
"Tue May 12 2026 10:00:00 GMT+0530 (India Standard Time)","16008.00","16021.00","15979.00","15994.00","672.00"
"Tue May 12 2026 11:00:00 GMT+0530 (India Standard Time)","15994.00","16005.00","15954.00","15955.00","662.00"
"Tue May 12 2026 12:00:00 GMT+0530 (India Standard Time)","15955.00","15972.00","15930.00","15970.00","1040.00"
"Tue May 12 2026 13:00:00 GMT+0530 (India Standard Time)","15970.00","15995.00","15958.00","15981.00","250.00"
"Tue May 12 2026 14:00:00 GMT+0530 (India Standard Time)","15981.00","15985.00","15970.00","15974.00","640.00"
"Tue May 12 2026 15:00:00 GMT+0530 (India Standard Time)","15974.00","16008.00","15974.00","15985.00","562.00"
"Tue May 12 2026 16:00:00 GMT+0530 (India Standard Time)","15985.00","15985.00","15960.00","15984.00","306.00"
"Tue May 12 2026 17:00:00 GMT+0530 (India Standard Time)","15984.00","16000.00","15980.00","15988.00","244.00"
"Tue May 12 2026 18:00:00 GMT+0530 (India Standard Time)","15990.00","16015.00","15970.00","15997.00","711.00"
"Tue May 12 2026 19:00:00 GMT+0530 (India Standard Time)","15990.00","16013.00","15970.00","15989.00","683.00"
"Tue May 12 2026 20:00:00 GMT+0530 (India Standard Time)","15988.00","15996.00","15938.00","15961.00","850.00"
"Tue May 12 2026 21:00:00 GMT+0530 (India Standard Time)","15963.00","15984.00","15958.00","15967.00","710.00"
"Tue May 12 2026 22:00:00 GMT+0530 (India Standard Time)","15967.00","15996.00","15964.00","15992.00","1260.00"
"Tue May 12 2026 23:00:00 GMT+0530 (India Standard Time)","15992.00","15999.00","15983.00","15998.00","493.00"
"Wed May 13 2026 09:00:00 GMT+0530 (India Standard Time)","16165.00","16952.00","16020.00","16823.00","15567.00"
"Wed May 13 2026 10:00:00 GMT+0530 (India Standard Time)","16823.00","16871.00","16801.00","16829.00","2254.00"
"Wed May 13 2026 11:00:00 GMT+0530 (India Standard Time)","16829.00","16861.00","16801.00","16842.00","1749.00"
"Wed May 13 2026 12:00:00 GMT+0530 (India Standard Time)","16842.00","16867.00","16842.00","16862.00","648.00"
"Wed May 13 2026 13:00:00 GMT+0530 (India Standard Time)","16858.00","16868.00","16845.00","16850.00","586.00"
"Wed May 13 2026 14:00:00 GMT+0530 (India Standard Time)","16850.00","16862.00","16832.00","16850.00","883.00"
"Wed May 13 2026 15:00:00 GMT+0530 (India Standard Time)","16850.00","16874.00","16842.00","16864.00","1028.00"
"Wed May 13 2026 16:00:00 GMT+0530 (India Standard Time)","16864.00","16877.00","16857.00","16867.00","550.00"
"Wed May 13 2026 17:00:00 GMT+0530 (India Standard Time)","16867.00","16885.00","16857.00","16868.00","357.00"
"Wed May 13 2026 18:00:00 GMT+0530 (India Standard Time)","16868.00","16875.00","16849.00","16867.00","912.00"
"Wed May 13 2026 19:00:00 GMT+0530 (India Standard Time)","16865.00","16870.00","16830.00","16862.00","673.00"
"Wed May 13 2026 20:00:00 GMT+0530 (India Standard Time)","16862.00","16885.00","16862.00","16882.00","761.00"
"Wed May 13 2026 21:00:00 GMT+0530 (India Standard Time)","16882.00","16935.00","16880.00","16935.00","1936.00"
"Wed May 13 2026 22:00:00 GMT+0530 (India Standard Time)","16935.00","16935.00","16890.00","16922.00","778.00"
"Wed May 13 2026 23:00:00 GMT+0530 (India Standard Time)","16922.00","16924.00","16908.00","16919.00","589.00"
"Thu May 14 2026 09:00:00 GMT+0530 (India Standard Time)","16959.00","16972.00","16844.00","16939.00","2851.00"
"Thu May 14 2026 10:00:00 GMT+0530 (India Standard Time)","16939.00","16977.00","16935.00","16942.00","1805.00"
"Thu May 14 2026 11:00:00 GMT+0530 (India Standard Time)","16942.00","16960.00","16914.00","16925.00","999.00"
"Thu May 14 2026 12:00:00 GMT+0530 (India Standard Time)","16914.00","16938.00","16910.00","16930.00","865.00"
"Thu May 14 2026 13:00:00 GMT+0530 (India Standard Time)","16935.00","16955.00","16915.00","16928.00","555.00"
"Thu May 14 2026 14:00:00 GMT+0530 (India Standard Time)","16928.00","16932.00","16913.00","16920.00","471.00"
"Thu May 14 2026 15:00:00 GMT+0530 (India Standard Time)","16914.00","16938.00","16911.00","16927.00","612.00"
"Thu May 14 2026 16:00:00 GMT+0530 (India Standard Time)","16933.00","16940.00","16925.00","16939.00","295.00"
"Thu May 14 2026 17:00:00 GMT+0530 (India Standard Time)","16939.00","16958.00","16932.00","16949.00","370.00"
"Thu May 14 2026 18:00:00 GMT+0530 (India Standard Time)","16949.00","16955.00","16911.00","16918.00","565.00"
"Thu May 14 2026 19:00:00 GMT+0530 (India Standard Time)","16915.00","16928.00","16883.00","16907.00","1417.00"
"Thu May 14 2026 20:00:00 GMT+0530 (India Standard Time)","16907.00","16919.00","16899.00","16917.00","376.00"
"Thu May 14 2026 21:00:00 GMT+0530 (India Standard Time)","16917.00","16923.00","16896.00","16907.00","546.00"
"Thu May 14 2026 22:00:00 GMT+0530 (India Standard Time)","16906.00","16920.00","16903.00","16911.00","281.00"
"Thu May 14 2026 23:00:00 GMT+0530 (India Standard Time)","16911.00","16928.00","16869.00","16869.00","537.00"
"Fri May 15 2026 09:00:00 GMT+0530 (India Standard Time)","16833.00","16837.00","16699.00","16798.00","2079.00"
"Fri May 15 2026 10:00:00 GMT+0530 (India Standard Time)","16797.00","16800.00","16686.00","16719.00","2065.00"
"Fri May 15 2026 11:00:00 GMT+0530 (India Standard Time)","16719.00","16719.00","16641.00","16697.00","2075.00"
"Fri May 15 2026 12:00:00 GMT+0530 (India Standard Time)","16696.00","16733.00","16688.00","16719.00","568.00"
"Fri May 15 2026 13:00:00 GMT+0530 (India Standard Time)","16719.00","16726.00","16665.00","16672.00","888.00"
"Fri May 15 2026 14:00:00 GMT+0530 (India Standard Time)","16672.00","16699.00","16665.00","16687.00","1693.00"
"Fri May 15 2026 15:00:00 GMT+0530 (India Standard Time)","16687.00","16699.00","16654.00","16688.00","708.00"
"Fri May 15 2026 16:00:00 GMT+0530 (India Standard Time)","16688.00","16725.00","16680.00","16703.00","573.00"
"Fri May 15 2026 17:00:00 GMT+0530 (India Standard Time)","16703.00","16705.00","16682.00","16692.00","388.00"
"Fri May 15 2026 18:00:00 GMT+0530 (India Standard Time)","16693.00","16697.00","16665.00","16680.00","666.00"
"Fri May 15 2026 19:00:00 GMT+0530 (India Standard Time)","16680.00","16692.00","16605.00","16664.00","2201.00"
"Fri May 15 2026 20:00:00 GMT+0530 (India Standard Time)","16664.00","16688.00","16647.00","16652.00","918.00"
"Fri May 15 2026 21:00:00 GMT+0530 (India Standard Time)","16652.00","16659.00","16627.00","16648.00","654.00"
"Fri May 15 2026 22:00:00 GMT+0530 (India Standard Time)","16648.00","16668.00","16635.00","16652.00","311.00"
"Fri May 15 2026 23:00:00 GMT+0530 (India Standard Time)","16652.00","16662.00","16645.00","16660.00","616.00"
"Mon May 18 2026 09:00:00 GMT+0530 (India Standard Time)","16823.00","17150.00","16536.00","16593.00","2310.00"
"Mon May 18 2026 10:00:00 GMT+0530 (India Standard Time)","16593.00","16631.00","16593.00","16629.00","664.00"
"Mon May 18 2026 11:00:00 GMT+0530 (India Standard Time)","16630.00","16633.00","16604.00","16618.00","353.00"
"Mon May 18 2026 12:00:00 GMT+0530 (India Standard Time)","16618.00","16642.00","16610.00","16639.00","865.00"
"Mon May 18 2026 13:00:00 GMT+0530 (India Standard Time)","16639.00","16665.00","16610.00","16615.00","1921.00"
"Mon May 18 2026 14:00:00 GMT+0530 (India Standard Time)","16615.00","16631.00","16605.00","16606.00","483.00"
"Mon May 18 2026 15:00:00 GMT+0530 (India Standard Time)","16606.00","16608.00","16585.00","16585.00","735.00"
"Mon May 18 2026 16:00:00 GMT+0530 (India Standard Time)","16585.00","16591.00","16569.00","16575.00","574.00"
"Mon May 18 2026 17:00:00 GMT+0530 (India Standard Time)","16575.00","16644.00","16555.00","16644.00","1237.00"
"Mon May 18 2026 18:00:00 GMT+0530 (India Standard Time)","16644.00","16688.00","16637.00","16670.00","913.00"
"Mon May 18 2026 19:00:00 GMT+0530 (India Standard Time)","16670.00","16703.00","16641.00","16654.00","850.00"
"Mon May 18 2026 20:00:00 GMT+0530 (India Standard Time)","16654.00","16654.00","16612.00","16623.00","578.00"
"Mon May 18 2026 21:00:00 GMT+0530 (India Standard Time)","16623.00","16649.00","16622.00","16630.00","330.00"
"Mon May 18 2026 22:00:00 GMT+0530 (India Standard Time)","16630.00","16651.00","16616.00","16641.00","603.00"
"Mon May 18 2026 23:00:00 GMT+0530 (India Standard Time)","16641.00","16641.00","16621.00","16630.00","279.00"
"Tue May 19 2026 09:00:00 GMT+0530 (India Standard Time)","16629.00","16664.00","16618.00","16630.00","667.00"
"Tue May 19 2026 10:00:00 GMT+0530 (India Standard Time)","16631.00","16661.00","16625.00","16643.00","389.00"
"Tue May 19 2026 11:00:00 GMT+0530 (India Standard Time)","16643.00","16645.00","16625.00","16625.00","1295.00"
"Tue May 19 2026 12:00:00 GMT+0530 (India Standard Time)","16622.00","16632.00","16616.00","16622.00","683.00"
"Tue May 19 2026 13:00:00 GMT+0530 (India Standard Time)","16622.00","16640.00","16604.00","16611.00","370.00"
"Tue May 19 2026 14:00:00 GMT+0530 (India Standard Time)","16611.00","16621.00","16594.00","16609.00","984.00"
"Tue May 19 2026 15:00:00 GMT+0530 (India Standard Time)","16609.00","16609.00","16563.00","16572.00","1578.00"
"Tue May 19 2026 16:00:00 GMT+0530 (India Standard Time)","16572.00","16572.00","16534.00","16543.00","2789.00"
"Tue May 19 2026 17:00:00 GMT+0530 (India Standard Time)","16543.00","16554.00","16524.00","16550.00","1755.00"
"Tue May 19 2026 18:00:00 GMT+0530 (India Standard Time)","16550.00","16555.00","16459.00","16463.00","958.00"
"Tue May 19 2026 19:00:00 GMT+0530 (India Standard Time)","16463.00","16490.00","16412.00","16456.00","1111.00"
"Tue May 19 2026 20:00:00 GMT+0530 (India Standard Time)","16456.00","16468.00","16438.00","16456.00","467.00"
"Tue May 19 2026 21:00:00 GMT+0530 (India Standard Time)","16456.00","16476.00","16456.00","16470.00","261.00"
"Tue May 19 2026 22:00:00 GMT+0530 (India Standard Time)","16470.00","16480.00","16453.00","16457.00","557.00"
"Tue May 19 2026 23:00:00 GMT+0530 (India Standard Time)","16459.00","16466.00","16441.00","16466.00","633.00"
"Wed May 20 2026 09:00:00 GMT+0530 (India Standard Time)","16404.00","16405.00","16353.00","16359.00","1965.00"
"Wed May 20 2026 10:00:00 GMT+0530 (India Standard Time)","16359.00","16383.00","16351.00","16376.00","619.00"
"Wed May 20 2026 11:00:00 GMT+0530 (India Standard Time)","16376.00","16392.00","16361.00","16378.00","2376.00"
"Wed May 20 2026 12:00:00 GMT+0530 (India Standard Time)","16378.00","16414.00","16362.00","16395.00","3598.00"
"Wed May 20 2026 13:00:00 GMT+0530 (India Standard Time)","16395.00","16403.00","16372.00","16403.00","1499.00"
"Wed May 20 2026 14:00:00 GMT+0530 (India Standard Time)","16403.00","16410.00","16377.00","16383.00","399.00"
"Wed May 20 2026 15:00:00 GMT+0530 (India Standard Time)","16383.00","16428.00","16383.00","16415.00","458.00"
"Wed May 20 2026 16:00:00 GMT+0530 (India Standard Time)","16415.00","16456.00","16415.00","16443.00","1003.00"
"Wed May 20 2026 17:00:00 GMT+0530 (India Standard Time)","16443.00","16456.00","16430.00","16444.00","472.00"
"Wed May 20 2026 18:00:00 GMT+0530 (India Standard Time)","16444.00","16460.00","16430.00","16431.00","560.00"
"Wed May 20 2026 19:00:00 GMT+0530 (India Standard Time)","16431.00","16463.00","16390.00","16458.00","977.00"
"Wed May 20 2026 20:00:00 GMT+0530 (India Standard Time)","16458.00","16513.00","16457.00","16491.00","1548.00"
"Wed May 20 2026 21:00:00 GMT+0530 (India Standard Time)","16491.00","16506.00","16482.00","16490.00","435.00"
"Wed May 20 2026 22:00:00 GMT+0530 (India Standard Time)","16490.00","16505.00","16490.00","16498.00","440.00"
"Wed May 20 2026 23:00:00 GMT+0530 (India Standard Time)","16498.00","16505.00","16487.00","16505.00","502.00"
"Thu May 21 2026 09:00:00 GMT+0530 (India Standard Time)","16557.00","16567.00","16470.00","16486.00","768.00"
"Thu May 21 2026 10:00:00 GMT+0530 (India Standard Time)","16486.00","16486.00","16464.00","16465.00","326.00"
"Thu May 21 2026 11:00:00 GMT+0530 (India Standard Time)","16465.00","16496.00","16457.00","16485.00","479.00"
"Thu May 21 2026 12:00:00 GMT+0530 (India Standard Time)","16485.00","16485.00","16437.00","16444.00","652.00"
"Thu May 21 2026 13:00:00 GMT+0530 (India Standard Time)","16444.00","16477.00","16436.00","16473.00","515.00"
"Thu May 21 2026 14:00:00 GMT+0530 (India Standard Time)","16473.00","16492.00","16463.00","16483.00","226.00"
"Thu May 21 2026 15:00:00 GMT+0530 (India Standard Time)","16488.00","16490.00","16453.00","16459.00","538.00"
"Thu May 21 2026 16:00:00 GMT+0530 (India Standard Time)","16459.00","16465.00","16446.00","16451.00","403.00"
"Thu May 21 2026 17:00:00 GMT+0530 (India Standard Time)","16451.00","16463.00","16445.00","16447.00","430.00"
"Thu May 21 2026 18:00:00 GMT+0530 (India Standard Time)","16449.00","16460.00","16428.00","16429.00","731.00"
"Thu May 21 2026 19:00:00 GMT+0530 (India Standard Time)","16429.00","16467.00","16420.00","16450.00","958.00"
"Thu May 21 2026 20:00:00 GMT+0530 (India Standard Time)","16450.00","16456.00","16433.00","16439.00","115.00"
"Thu May 21 2026 21:00:00 GMT+0530 (India Standard Time)","16439.00","16468.00","16439.00","16460.00","137.00"
"Thu May 21 2026 22:00:00 GMT+0530 (India Standard Time)","16460.00","16483.00","16455.00","16478.00","292.00"
"Thu May 21 2026 23:00:00 GMT+0530 (India Standard Time)","16481.00","16517.00","16474.00","16517.00","638.00"
"Fri May 22 2026 09:00:00 GMT+0530 (India Standard Time)","16451.00","16490.00","16433.00","16490.00","549.00"
"Fri May 22 2026 10:00:00 GMT+0530 (India Standard Time)","16490.00","16502.00","16473.00","16473.00","410.00"
"Fri May 22 2026 11:00:00 GMT+0530 (India Standard Time)","16473.00","16488.00","16450.00","16459.00","499.00"
"Fri May 22 2026 12:00:00 GMT+0530 (India Standard Time)","16459.00","16467.00","16448.00","16452.00","201.00"
"Fri May 22 2026 13:00:00 GMT+0530 (India Standard Time)","16452.00","16464.00","16445.00","16457.00","83.00"
"Fri May 22 2026 14:00:00 GMT+0530 (India Standard Time)","16457.00","16459.00","16448.00","16449.00","145.00"
"Fri May 22 2026 15:00:00 GMT+0530 (India Standard Time)","16449.00","16472.00","16447.00","16454.00","438.00"
"Fri May 22 2026 16:00:00 GMT+0530 (India Standard Time)","16454.00","16455.00","16442.00","16443.00","221.00"
"Fri May 22 2026 17:00:00 GMT+0530 (India Standard Time)","16443.00","16463.00","16436.00","16448.00","228.00"
"Fri May 22 2026 18:00:00 GMT+0530 (India Standard Time)","16448.00","16464.00","16441.00","16450.00","321.00"
"Fri May 22 2026 19:00:00 GMT+0530 (India Standard Time)","16450.00","16456.00","16393.00","16410.00","1523.00"
"Fri May 22 2026 20:00:00 GMT+0530 (India Standard Time)","16411.00","16436.00","16409.00","16435.00","362.00"
"Fri May 22 2026 21:00:00 GMT+0530 (India Standard Time)","16435.00","16436.00","16419.00","16434.00","321.00"
"Fri May 22 2026 22:00:00 GMT+0530 (India Standard Time)","16434.00","16440.00","16421.00","16433.00","372.00"
"Fri May 22 2026 23:00:00 GMT+0530 (India Standard Time)","16440.00","16440.00","16427.00","16433.00","605.00"
"Mon May 25 2026 09:00:00 GMT+0530 (India Standard Time)","16513.00","16541.00","16464.00","16486.00","997.00"
"Mon May 25 2026 10:00:00 GMT+0530 (India Standard Time)","16486.00","16492.00","16464.00","16466.00","391.00"
"Mon May 25 2026 11:00:00 GMT+0530 (India Standard Time)","16466.00","16475.00","16450.00","16463.00","565.00"
"Mon May 25 2026 12:00:00 GMT+0530 (India Standard Time)","16460.00","16484.00","16460.00","16471.00","637.00"
"Mon May 25 2026 13:00:00 GMT+0530 (India Standard Time)","16471.00","16476.00","16461.00","16465.00","299.00"
"Mon May 25 2026 14:00:00 GMT+0530 (India Standard Time)","16465.00","16470.00","16461.00","16462.00","73.00"
"Mon May 25 2026 15:00:00 GMT+0530 (India Standard Time)","16462.00","16489.00","16462.00","16481.00","288.00"
"Mon May 25 2026 16:00:00 GMT+0530 (India Standard Time)","16481.00","16500.00","16474.00","16486.00","973.00"
"Mon May 25 2026 17:00:00 GMT+0530 (India Standard Time)","16486.00","16492.00","16472.00","16482.00","383.00"
"Mon May 25 2026 18:00:00 GMT+0530 (India Standard Time)","16485.00","16498.00","16475.00","16483.00","352.00"
"Mon May 25 2026 19:00:00 GMT+0530 (India Standard Time)","16483.00","16489.00","16479.00","16489.00","150.00"
"Mon May 25 2026 20:00:00 GMT+0530 (India Standard Time)","16489.00","16490.00","16483.00","16487.00","176.00"
"Mon May 25 2026 21:00:00 GMT+0530 (India Standard Time)","16487.00","16495.00","16484.00","16487.00","120.00"
"Mon May 25 2026 22:00:00 GMT+0530 (India Standard Time)","16487.00","16490.00","16480.00","16483.00","445.00"
"Mon May 25 2026 23:00:00 GMT+0530 (India Standard Time)","16480.00","16483.00","16470.00","16470.00","513.00"
"Tue May 26 2026 09:00:00 GMT+0530 (India Standard Time)","16465.00","16469.00","16415.00","16418.00","1221.00"
"Tue May 26 2026 10:00:00 GMT+0530 (India Standard Time)","16418.00","16435.00","16401.00","16433.00","3106.00"
"Tue May 26 2026 11:00:00 GMT+0530 (India Standard Time)","16433.00","16446.00","16414.00","16429.00","1216.00"
"Tue May 26 2026 12:00:00 GMT+0530 (India Standard Time)","16429.00","16437.00","16412.00","16418.00","697.00"
"Tue May 26 2026 13:00:00 GMT+0530 (India Standard Time)","16416.00","16422.00","16404.00","16411.00","561.00"
"Tue May 26 2026 14:00:00 GMT+0530 (India Standard Time)","16411.00","16422.00","16404.00","16421.00","334.00"
"Tue May 26 2026 15:00:00 GMT+0530 (India Standard Time)","16419.00","16444.00","16408.00","16437.00","1662.00"
"Tue May 26 2026 16:00:00 GMT+0530 (India Standard Time)","16437.00","16443.00","16424.00","16428.00","217.00"
"Tue May 26 2026 17:00:00 GMT+0530 (India Standard Time)","16428.00","16430.00","16400.00","16404.00","524.00"
"Tue May 26 2026 18:00:00 GMT+0530 (India Standard Time)","16400.00","16420.00","16395.00","16415.00","295.00"
"Tue May 26 2026 19:00:00 GMT+0530 (India Standard Time)","16416.00","16418.00","16396.00","16411.00","300.00"
"Tue May 26 2026 20:00:00 GMT+0530 (India Standard Time)","16411.00","16419.00","16398.00","16404.00","473.00"
"Tue May 26 2026 21:00:00 GMT+0530 (India Standard Time)","16404.00","16409.00","16390.00","16399.00","223.00"
"Tue May 26 2026 22:00:00 GMT+0530 (India Standard Time)","16399.00","16407.00","16371.00","16387.00","654.00"
"Tue May 26 2026 23:00:00 GMT+0530 (India Standard Time)","16387.00","16387.00","16362.00","16371.00","761.00"
"Wed May 27 2026 09:00:00 GMT+0530 (India Standard Time)","16416.00","16416.00","16346.00","16360.00","871.00"
"Wed May 27 2026 10:00:00 GMT+0530 (India Standard Time)","16360.00","16378.00","16354.00","16367.00","1462.00"
"Wed May 27 2026 11:00:00 GMT+0530 (India Standard Time)","16367.00","16367.00","16298.00","16300.00","2373.00"
"Wed May 27 2026 12:00:00 GMT+0530 (India Standard Time)","16298.00","16312.00","16285.00","16296.00","1240.00"
"Wed May 27 2026 13:00:00 GMT+0530 (India Standard Time)","16296.00","16306.00","16267.00","16291.00","1215.00"
"Wed May 27 2026 14:00:00 GMT+0530 (India Standard Time)","16291.00","16315.00","16290.00","16301.00","899.00"
"Wed May 27 2026 15:00:00 GMT+0530 (India Standard Time)","16301.00","16314.00","16285.00","16285.00","428.00"
"Wed May 27 2026 16:00:00 GMT+0530 (India Standard Time)","16285.00","16286.00","16205.00","16210.00","1974.00"
"Wed May 27 2026 17:00:00 GMT+0530 (India Standard Time)","16210.00","16230.00","16150.00","16221.00","4351.00"
"Wed May 27 2026 18:00:00 GMT+0530 (India Standard Time)","16221.00","16230.00","16098.00","16110.00","4054.00"
"Wed May 27 2026 19:00:00 GMT+0530 (India Standard Time)","16110.00","16225.00","16110.00","16193.00","2825.00"
"Wed May 27 2026 20:00:00 GMT+0530 (India Standard Time)","16193.00","16209.00","16176.00","16187.00","1995.00"
"Wed May 27 2026 21:00:00 GMT+0530 (India Standard Time)","16187.00","16225.00","16187.00","16222.00","1070.00"
"Wed May 27 2026 22:00:00 GMT+0530 (India Standard Time)","16222.00","16244.00","16212.00","16232.00","1171.00"
"Wed May 27 2026 23:00:00 GMT+0530 (India Standard Time)","16232.00","16248.00","16227.00","16227.00","728.00"
"Thu May 28 2026 17:00:00 GMT+0530 (India Standard Time)","16176.00","16176.00","16039.00","16066.00","4089.00"
"Thu May 28 2026 18:00:00 GMT+0530 (India Standard Time)","16066.00","16156.00","16062.00","16138.00","2995.00"
"Thu May 28 2026 19:00:00 GMT+0530 (India Standard Time)","16138.00","16240.00","16111.00","16204.00","2002.00"
"Thu May 28 2026 20:00:00 GMT+0530 (India Standard Time)","16204.00","16268.00","16190.00","16255.00","1847.00"
"Thu May 28 2026 21:00:00 GMT+0530 (India Standard Time)","16255.00","16319.00","16251.00","16313.00","1578.00"
"Thu May 28 2026 22:00:00 GMT+0530 (India Standard Time)","16313.00","16377.00","16293.00","16313.00","2780.00"
"Thu May 28 2026 23:00:00 GMT+0530 (India Standard Time)","16313.00","16338.00","16309.00","16323.00","916.00"
"Fri May 29 2026 09:00:00 GMT+0530 (India Standard Time)","16379.00","16400.00","16271.00","16337.00","1126.00"
"Fri May 29 2026 10:00:00 GMT+0530 (India Standard Time)","16337.00","16340.00","16299.00","16311.00","931.00"
"Fri May 29 2026 11:00:00 GMT+0530 (India Standard Time)","16312.00","16327.00","16283.00","16318.00","822.00"
"Fri May 29 2026 12:00:00 GMT+0530 (India Standard Time)","16318.00","16327.00","16307.00","16311.00","616.00"
"Fri May 29 2026 13:00:00 GMT+0530 (India Standard Time)","16313.00","16338.00","16279.00","16286.00","1257.00"
"Fri May 29 2026 14:00:00 GMT+0530 (India Standard Time)","16286.00","16304.00","16258.00","16300.00","612.00"
"Fri May 29 2026 15:00:00 GMT+0530 (India Standard Time)","16300.00","16300.00","16284.00","16293.00","455.00"
"Fri May 29 2026 16:00:00 GMT+0530 (India Standard Time)","16293.00","16314.00","16291.00","16291.00","687.00"
"Fri May 29 2026 17:00:00 GMT+0530 (India Standard Time)","16289.00","16299.00","16243.00","16245.00","895.00"
"Fri May 29 2026 18:00:00 GMT+0530 (India Standard Time)","16245.00","16267.00","16224.00","16265.00","1037.00"
"Fri May 29 2026 19:00:00 GMT+0530 (India Standard Time)","16265.00","16324.00","16257.00","16271.00","1510.00"
"Fri May 29 2026 20:00:00 GMT+0530 (India Standard Time)","16276.00","16380.00","16266.00","16369.00","5676.00"
"Fri May 29 2026 21:00:00 GMT+0530 (India Standard Time)","16369.00","16380.00","16330.00","16349.00","1155.00"
"Fri May 29 2026 22:00:00 GMT+0530 (India Standard Time)","16349.00","16372.00","16344.00","16353.00","827.00"
"Fri May 29 2026 23:00:00 GMT+0530 (India Standard Time)","16353.00","16359.00","16327.00","16330.00","441.00"
"Mon Jun 01 2026 09:00:00 GMT+0530 (India Standard Time)","16296.00","16314.00","16244.00","16255.00","3076.00"
"Mon Jun 01 2026 10:00:00 GMT+0530 (India Standard Time)","16255.00","16271.00","16247.00","16268.00","683.00"
"Mon Jun 01 2026 11:00:00 GMT+0530 (India Standard Time)","16268.00","16275.00","16229.00","16242.00","1217.00"
"Mon Jun 01 2026 12:00:00 GMT+0530 (India Standard Time)","16240.00","16251.00","16227.00","16241.00","1948.00"
"Mon Jun 01 2026 13:00:00 GMT+0530 (India Standard Time)","16241.00","16247.00","16204.00","16211.00","1618.00"
"Mon Jun 01 2026 14:00:00 GMT+0530 (India Standard Time)","16212.00","16238.00","16204.00","16219.00","1007.00"
"Mon Jun 01 2026 15:00:00 GMT+0530 (India Standard Time)","16219.00","16237.00","16208.00","16227.00","719.00"
"Mon Jun 01 2026 16:00:00 GMT+0530 (India Standard Time)","16227.00","16245.00","16221.00","16245.00","411.00"
"Mon Jun 01 2026 17:00:00 GMT+0530 (India Standard Time)","16245.00","16252.00","16223.00","16242.00","612.00"
"Mon Jun 01 2026 18:00:00 GMT+0530 (India Standard Time)","16242.00","16250.00","16166.00","16171.00","2633.00"
"Mon Jun 01 2026 19:00:00 GMT+0530 (India Standard Time)","16171.00","16195.00","16131.00","16150.00","2434.00"
"Mon Jun 01 2026 20:00:00 GMT+0530 (India Standard Time)","16148.00","16192.00","16144.00","16192.00","900.00"
"Mon Jun 01 2026 21:00:00 GMT+0530 (India Standard Time)","16192.00","16207.00","16166.00","16175.00","1093.00"
"Mon Jun 01 2026 22:00:00 GMT+0530 (India Standard Time)","16182.00","16200.00","16175.00","16192.00","930.00"
"Mon Jun 01 2026 23:00:00 GMT+0530 (India Standard Time)","16192.00","16228.00","16192.00","16215.00","1789.00"
"Tue Jun 02 2026 09:00:00 GMT+0530 (India Standard Time)","16239.00","16260.00","16201.00","16241.00","1330.00"
"Tue Jun 02 2026 10:00:00 GMT+0530 (India Standard Time)","16241.00","16292.00","16240.00","16283.00","1364.00"
"Tue Jun 02 2026 11:00:00 GMT+0530 (India Standard Time)","16286.00","16338.00","16286.00","16337.00","2571.00"
"Tue Jun 02 2026 12:00:00 GMT+0530 (India Standard Time)","16337.00","16349.00","16332.00","16334.00","1249.00"
"Tue Jun 02 2026 13:00:00 GMT+0530 (India Standard Time)","16334.00","16364.00","16323.00","16348.00","1762.00"
"Tue Jun 02 2026 14:00:00 GMT+0530 (India Standard Time)","16348.00","16350.00","16331.00","16331.00","1344.00"
"Tue Jun 02 2026 15:00:00 GMT+0530 (India Standard Time)","16331.00","16354.00","16320.00","16351.00","2757.00"
"Tue Jun 02 2026 16:00:00 GMT+0530 (India Standard Time)","16351.00","16355.00","16341.00","16353.00","592.00"
"Tue Jun 02 2026 17:00:00 GMT+0530 (India Standard Time)","16353.00","16354.00","16340.00","16348.00","408.00"
"Tue Jun 02 2026 18:00:00 GMT+0530 (India Standard Time)","16348.00","16354.00","16308.00","16310.00","786.00"
"Tue Jun 02 2026 19:00:00 GMT+0530 (India Standard Time)","16310.00","16323.00","16262.00","16271.00","2534.00"
"Tue Jun 02 2026 20:00:00 GMT+0530 (India Standard Time)","16271.00","16304.00","16268.00","16290.00","954.00"
"Tue Jun 02 2026 21:00:00 GMT+0530 (India Standard Time)","16290.00","16294.00","16255.00","16258.00","768.00"
"Tue Jun 02 2026 22:00:00 GMT+0530 (India Standard Time)","16258.00","16270.00","16250.00","16264.00","871.00"
"Tue Jun 02 2026 23:00:00 GMT+0530 (India Standard Time)","16258.00","16276.00","16250.00","16267.00","1423.00"
"Wed Jun 03 2026 09:00:00 GMT+0530 (India Standard Time)","16249.00","16289.00","16244.00","16261.00","755.00"
"Wed Jun 03 2026 10:00:00 GMT+0530 (India Standard Time)","16261.00","16261.00","16228.00","16233.00","1432.00"
"Wed Jun 03 2026 11:00:00 GMT+0530 (India Standard Time)","16233.00","16237.00","16205.00","16220.00","954.00"
"Wed Jun 03 2026 12:00:00 GMT+0530 (India Standard Time)","16220.00","16243.00","16209.00","16225.00","656.00"
"Wed Jun 03 2026 13:00:00 GMT+0530 (India Standard Time)","16225.00","16231.00","16208.00","16220.00","617.00"
"Wed Jun 03 2026 14:00:00 GMT+0530 (India Standard Time)","16219.00","16220.00","16172.00","16174.00","1561.00"
"Wed Jun 03 2026 15:00:00 GMT+0530 (India Standard Time)","16174.00","16221.00","16168.00","16212.00","1609.00"
"Wed Jun 03 2026 16:00:00 GMT+0530 (India Standard Time)","16212.00","16232.00","16199.00","16231.00","690.00"
"Wed Jun 03 2026 17:00:00 GMT+0530 (India Standard Time)","16231.00","16235.00","16196.00","16196.00","969.00"
"Wed Jun 03 2026 18:00:00 GMT+0530 (India Standard Time)","16196.00","16233.00","16188.00","16204.00","1057.00"
"Wed Jun 03 2026 19:00:00 GMT+0530 (India Standard Time)","16204.00","16214.00","16160.00","16195.00","2370.00"
"Wed Jun 03 2026 20:00:00 GMT+0530 (India Standard Time)","16195.00","16211.00","16180.00","16186.00","461.00"
"Wed Jun 03 2026 21:00:00 GMT+0530 (India Standard Time)","16186.00","16188.00","16173.00","16179.00","838.00"
"Wed Jun 03 2026 22:00:00 GMT+0530 (India Standard Time)","16179.00","16205.00","16176.00","16191.00","775.00"
"Wed Jun 03 2026 23:00:00 GMT+0530 (India Standard Time)","16194.00","16196.00","16178.00","16194.00","520.00"
"Thu Jun 04 2026 09:00:00 GMT+0530 (India Standard Time)","16256.00","16256.00","16199.00","16239.00","1268.00"
"Thu Jun 04 2026 10:00:00 GMT+0530 (India Standard Time)","16239.00","16260.00","16226.00","16228.00","1775.00"
"Thu Jun 04 2026 11:00:00 GMT+0530 (India Standard Time)","16228.00","16242.00","16220.00","16229.00","739.00"
"Thu Jun 04 2026 12:00:00 GMT+0530 (India Standard Time)","16233.00","16239.00","16214.00","16220.00","535.00"
"Thu Jun 04 2026 13:00:00 GMT+0530 (India Standard Time)","16220.00","16223.00","16208.00","16215.00","446.00"
"Thu Jun 04 2026 14:00:00 GMT+0530 (India Standard Time)","16215.00","16230.00","16207.00","16224.00","850.00"
"Thu Jun 04 2026 15:00:00 GMT+0530 (India Standard Time)","16224.00","16237.00","16222.00","16225.00","356.00"
"Thu Jun 04 2026 16:00:00 GMT+0530 (India Standard Time)","16225.00","16280.00","16225.00","16270.00","1505.00"
"Thu Jun 04 2026 17:00:00 GMT+0530 (India Standard Time)","16270.00","16323.00","16262.00","16298.00","3618.00"
"Thu Jun 04 2026 18:00:00 GMT+0530 (India Standard Time)","16298.00","16308.00","16290.00","16293.00","886.00"
"Thu Jun 04 2026 19:00:00 GMT+0530 (India Standard Time)","16293.00","16315.00","16252.00","16258.00","1989.00"
"Thu Jun 04 2026 20:00:00 GMT+0530 (India Standard Time)","16258.00","16258.00","16205.00","16233.00","2854.00"
"Thu Jun 04 2026 21:00:00 GMT+0530 (India Standard Time)","16233.00","16265.00","16228.00","16261.00","771.00"
"Thu Jun 04 2026 22:00:00 GMT+0530 (India Standard Time)","16261.00","16261.00","16227.00","16241.00","784.00"
"Thu Jun 04 2026 23:00:00 GMT+0530 (India Standard Time)","16248.00","16259.00","16233.00","16240.00","1134.00"
"Fri Jun 05 2026 09:00:00 GMT+0530 (India Standard Time)","16201.00","16203.00","16142.00","16175.00","2946.00"
"Fri Jun 05 2026 10:00:00 GMT+0530 (India Standard Time)","16173.00","16177.00","16130.00","16142.00","2450.00"
"Fri Jun 05 2026 11:00:00 GMT+0530 (India Standard Time)","16142.00","16143.00","16102.00","16133.00","1881.00"
"Fri Jun 05 2026 12:00:00 GMT+0530 (India Standard Time)","16133.00","16180.00","16133.00","16176.00","1026.00"
"Fri Jun 05 2026 13:00:00 GMT+0530 (India Standard Time)","16176.00","16176.00","16146.00","16155.00","635.00"
"Fri Jun 05 2026 14:00:00 GMT+0530 (India Standard Time)","16155.00","16167.00","16140.00","16140.00","592.00"
"Fri Jun 05 2026 15:00:00 GMT+0530 (India Standard Time)","16140.00","16156.00","16124.00","16155.00","889.00"
"Fri Jun 05 2026 16:00:00 GMT+0530 (India Standard Time)","16155.00","16159.00","16139.00","16147.00","302.00"
"Fri Jun 05 2026 17:00:00 GMT+0530 (India Standard Time)","16147.00","16174.00","16142.00","16157.00","1419.00"
"Fri Jun 05 2026 18:00:00 GMT+0530 (India Standard Time)","16156.00","16156.00","16043.00","16052.00","6705.00"
"Fri Jun 05 2026 19:00:00 GMT+0530 (India Standard Time)","16052.00","16060.00","15906.00","15921.00","7829.00"
"Fri Jun 05 2026 20:00:00 GMT+0530 (India Standard Time)","15921.00","15981.00","15874.00","15918.00","6089.00"
"Fri Jun 05 2026 21:00:00 GMT+0530 (India Standard Time)","15918.00","15926.00","15877.00","15894.00","3435.00"
"Fri Jun 05 2026 22:00:00 GMT+0530 (India Standard Time)","15892.00","15953.00","15876.00","15926.00","3146.00"
"Fri Jun 05 2026 23:00:00 GMT+0530 (India Standard Time)","15926.00","15942.00","15921.00","15932.00","1473.00"
"Mon Jun 08 2026 09:00:00 GMT+0530 (India Standard Time)","15859.00","15893.00","15718.00","15750.00","6657.00"
"Mon Jun 08 2026 10:00:00 GMT+0530 (India Standard Time)","15750.00","15761.00","15719.00","15743.00","2195.00"
"Mon Jun 08 2026 11:00:00 GMT+0530 (India Standard Time)","15743.00","15760.00","15625.00","15746.00","4801.00"
"Mon Jun 08 2026 12:00:00 GMT+0530 (India Standard Time)","15746.00","15760.00","15706.00","15730.00","1627.00"
"Mon Jun 08 2026 13:00:00 GMT+0530 (India Standard Time)","15730.00","15738.00","15682.00","15689.00","1245.00"
"Mon Jun 08 2026 14:00:00 GMT+0530 (India Standard Time)","15689.00","15706.00","15670.00","15670.00","1233.00"
"Mon Jun 08 2026 15:00:00 GMT+0530 (India Standard Time)","15670.00","15719.00","15638.00","15702.00","2168.00"
"Mon Jun 08 2026 16:00:00 GMT+0530 (India Standard Time)","15702.00","15803.00","15698.00","15789.00","2582.00"
"Mon Jun 08 2026 17:00:00 GMT+0530 (India Standard Time)","15789.00","15824.00","15775.00","15810.00","1967.00"
"Mon Jun 08 2026 18:00:00 GMT+0530 (India Standard Time)","15810.00","15842.00","15784.00","15819.00","2597.00"
"Mon Jun 08 2026 19:00:00 GMT+0530 (India Standard Time)","15819.00","15861.00","15778.00","15797.00","3008.00"
"Mon Jun 08 2026 20:00:00 GMT+0530 (India Standard Time)","15797.00","15826.00","15778.00","15814.00","798.00"
"Mon Jun 08 2026 21:00:00 GMT+0530 (India Standard Time)","15814.00","15846.00","15814.00","15842.00","745.00"
"Mon Jun 08 2026 22:00:00 GMT+0530 (India Standard Time)","15842.00","15848.00","15819.00","15826.00","756.00"
"Mon Jun 08 2026 23:00:00 GMT+0530 (India Standard Time)","15826.00","15838.00","15807.00","15824.00","1405.00"
"Tue Jun 09 2026 09:00:00 GMT+0530 (India Standard Time)","15751.00","15860.00","15730.00","15824.00","1622.00"
"Tue Jun 09 2026 10:00:00 GMT+0530 (India Standard Time)","15824.00","15834.00","15800.00","15830.00","1075.00"
"Tue Jun 09 2026 11:00:00 GMT+0530 (India Standard Time)","15830.00","15880.00","15829.00","15868.00","2092.00"
"Tue Jun 09 2026 12:00:00 GMT+0530 (India Standard Time)","15868.00","15868.00","15817.00","15835.00","1289.00"
"Tue Jun 09 2026 13:00:00 GMT+0530 (India Standard Time)","15834.00","15834.00","15804.00","15830.00","559.00"
"Tue Jun 09 2026 14:00:00 GMT+0530 (India Standard Time)","15830.00","15830.00","15782.00","15795.00","950.00"
"Tue Jun 09 2026 15:00:00 GMT+0530 (India Standard Time)","15795.00","15829.00","15787.00","15826.00","771.00"
"Tue Jun 09 2026 16:00:00 GMT+0530 (India Standard Time)","15826.00","15847.00","15817.00","15835.00","625.00"
"Tue Jun 09 2026 17:00:00 GMT+0530 (India Standard Time)","15835.00","15845.00","15833.00","15836.00","718.00"
"Tue Jun 09 2026 18:00:00 GMT+0530 (India Standard Time)","15836.00","15846.00","15824.00","15824.00","1114.00"
"Tue Jun 09 2026 19:00:00 GMT+0530 (India Standard Time)","15824.00","15882.00","15740.00","15766.00","4613.00"
"Tue Jun 09 2026 20:00:00 GMT+0530 (India Standard Time)","15766.00","15770.00","15660.00","15682.00","5326.00"
"Tue Jun 09 2026 21:00:00 GMT+0530 (India Standard Time)","15682.00","15694.00","15619.00","15643.00","4510.00"
"Tue Jun 09 2026 22:00:00 GMT+0530 (India Standard Time)","15643.00","15666.00","15575.00","15619.00","5928.00"
"Tue Jun 09 2026 23:00:00 GMT+0530 (India Standard Time)","15619.00","15633.00","15596.00","15610.00","1914.00"
"Wed Jun 10 2026 09:00:00 GMT+0530 (India Standard Time)","15504.00","15504.00","15227.00","15301.00","8685.00"
"Wed Jun 10 2026 10:00:00 GMT+0530 (India Standard Time)","15301.00","15330.00","15283.00","15330.00","4639.00"
"Wed Jun 10 2026 11:00:00 GMT+0530 (India Standard Time)","15330.00","15438.00","15314.00","15380.00","3632.00"
"Wed Jun 10 2026 12:00:00 GMT+0530 (India Standard Time)","15383.00","15384.00","15325.00","15326.00","2817.00"
"Wed Jun 10 2026 13:00:00 GMT+0530 (India Standard Time)","15326.00","15346.00","15259.00","15287.00","3816.00"
"Wed Jun 10 2026 14:00:00 GMT+0530 (India Standard Time)","15287.00","15322.00","15275.00","15287.00","2435.00"
"Wed Jun 10 2026 15:00:00 GMT+0530 (India Standard Time)","15287.00","15313.00","15256.00","15290.00","1529.00"
"Wed Jun 10 2026 16:00:00 GMT+0530 (India Standard Time)","15286.00","15321.00","15255.00","15281.00","2138.00"
"Wed Jun 10 2026 17:00:00 GMT+0530 (India Standard Time)","15281.00","15291.00","15200.00","15220.00","3802.00"
"Wed Jun 10 2026 18:00:00 GMT+0530 (India Standard Time)","15224.00","15315.00","15192.00","15233.00","8190.00"
"Wed Jun 10 2026 19:00:00 GMT+0530 (India Standard Time)","15233.00","15334.00","15218.00","15276.00","3853.00"
"Wed Jun 10 2026 20:00:00 GMT+0530 (India Standard Time)","15276.00","15278.00","15190.00","15226.00","2872.00"
"Wed Jun 10 2026 21:00:00 GMT+0530 (India Standard Time)","15215.00","15235.00","15188.00","15212.00","1698.00"
"Wed Jun 10 2026 22:00:00 GMT+0530 (India Standard Time)","15213.00","15226.00","15185.00","15191.00","2933.00"
"Wed Jun 10 2026 23:00:00 GMT+0530 (India Standard Time)","15188.00","15189.00","15154.00","15163.00","1715.00"
"Thu Jun 11 2026 09:00:00 GMT+0530 (India Standard Time)","15151.00","15151.00","15000.00","15060.00","8046.00"
"Thu Jun 11 2026 10:00:00 GMT+0530 (India Standard Time)","15060.00","15090.00","15048.00","15060.00","1520.00"
"Thu Jun 11 2026 11:00:00 GMT+0530 (India Standard Time)","15060.00","15145.00","15060.00","15102.00","3200.00"
"Thu Jun 11 2026 12:00:00 GMT+0530 (India Standard Time)","15102.00","15175.00","15094.00","15175.00","2028.00"
"Thu Jun 11 2026 13:00:00 GMT+0530 (India Standard Time)","15175.00","15185.00","15142.00","15142.00","3426.00"
"Thu Jun 11 2026 14:00:00 GMT+0530 (India Standard Time)","15142.00","15142.00","15085.00","15087.00","1896.00"
"Thu Jun 11 2026 15:00:00 GMT+0530 (India Standard Time)","15087.00","15141.00","15083.00","15095.00","1499.00"
"Thu Jun 11 2026 16:00:00 GMT+0530 (India Standard Time)","15095.00","15116.00","15090.00","15100.00","1128.00"
"Thu Jun 11 2026 17:00:00 GMT+0530 (India Standard Time)","15103.00","15119.00","15032.00","15041.00","2414.00"
"Thu Jun 11 2026 18:00:00 GMT+0530 (India Standard Time)","15041.00","15097.00","15023.00","15076.00","2033.00"
"Thu Jun 11 2026 19:00:00 GMT+0530 (India Standard Time)","15076.00","15108.00","15026.00","15061.00","2088.00"
"Thu Jun 11 2026 20:00:00 GMT+0530 (India Standard Time)","15061.00","15087.00","15052.00","15075.00","948.00"
"Thu Jun 11 2026 21:00:00 GMT+0530 (India Standard Time)","15075.00","15133.00","15068.00","15084.00","4737.00"
"Thu Jun 11 2026 22:00:00 GMT+0530 (India Standard Time)","15084.00","15109.00","15060.00","15109.00","3356.00"
"Thu Jun 11 2026 23:00:00 GMT+0530 (India Standard Time)","15114.00","15300.00","15114.00","15257.00","6856.00"
"Fri Jun 12 2026 09:00:00 GMT+0530 (India Standard Time)","15323.00","15400.00","15310.00","15328.00","4404.00"
"Fri Jun 12 2026 10:00:00 GMT+0530 (India Standard Time)","15328.00","15348.00","15300.00","15327.00","2952.00"
"Fri Jun 12 2026 11:00:00 GMT+0530 (India Standard Time)","15327.00","15327.00","15286.00","15303.00","1720.00"
"Fri Jun 12 2026 12:00:00 GMT+0530 (India Standard Time)","15303.00","15305.00","15279.00","15290.00","1021.00"
"Fri Jun 12 2026 13:00:00 GMT+0530 (India Standard Time)","15290.00","15380.00","15277.00","15352.00","2900.00"
"Fri Jun 12 2026 14:00:00 GMT+0530 (India Standard Time)","15355.00","15383.00","15350.00","15374.00","1818.00"
"Fri Jun 12 2026 15:00:00 GMT+0530 (India Standard Time)","15374.00","15422.00","15344.00","15350.00","2479.00"
"Fri Jun 12 2026 16:00:00 GMT+0530 (India Standard Time)","15350.00","15380.00","15350.00","15352.00","588.00"
"Fri Jun 12 2026 17:00:00 GMT+0530 (India Standard Time)","15352.00","15380.00","15338.00","15352.00","1314.00"
"Fri Jun 12 2026 18:00:00 GMT+0530 (India Standard Time)","15350.00","15367.00","15319.00","15356.00","1890.00"
"Fri Jun 12 2026 19:00:00 GMT+0530 (India Standard Time)","15356.00","15369.00","15302.00","15313.00","2534.00"
"Fri Jun 12 2026 20:00:00 GMT+0530 (India Standard Time)","15313.00","15423.00","15296.00","15397.00","3090.00"
"Fri Jun 12 2026 21:00:00 GMT+0530 (India Standard Time)","15397.00","15407.00","15354.00","15383.00","2002.00"
"Fri Jun 12 2026 22:00:00 GMT+0530 (India Standard Time)","15383.00","15391.00","15370.00","15379.00","1686.00"
"Fri Jun 12 2026 23:00:00 GMT+0530 (India Standard Time)","15379.00","15401.00","15371.00","15398.00","1712.00"
"Mon Jun 15 2026 09:00:00 GMT+0530 (India Standard Time)","15469.00","15716.00","15468.00","15630.00","6845.00"
"Mon Jun 15 2026 10:00:00 GMT+0530 (India Standard Time)","15630.00","15646.00","15626.00","15640.00","1270.00"
"Mon Jun 15 2026 11:00:00 GMT+0530 (India Standard Time)","15640.00","15645.00","15587.00","15595.00","4136.00"
"Mon Jun 15 2026 12:00:00 GMT+0530 (India Standard Time)","15595.00","15620.00","15590.00","15620.00","727.00"
"Mon Jun 15 2026 13:00:00 GMT+0530 (India Standard Time)","15620.00","15641.00","15609.00","15632.00","5161.00"
"Mon Jun 15 2026 14:00:00 GMT+0530 (India Standard Time)","15632.00","15662.00","15627.00","15648.00","1610.00"
"Mon Jun 15 2026 15:00:00 GMT+0530 (India Standard Time)","15648.00","15650.00","15633.00","15640.00","5429.00"
"Mon Jun 15 2026 16:00:00 GMT+0530 (India Standard Time)","15640.00","15648.00","15637.00","15645.00","653.00"
"Mon Jun 15 2026 17:00:00 GMT+0530 (India Standard Time)","15645.00","15665.00","15622.00","15643.00","1187.00"
"Mon Jun 15 2026 18:00:00 GMT+0530 (India Standard Time)","15650.00","15665.00","15642.00","15657.00","798.00"
"Mon Jun 15 2026 19:00:00 GMT+0530 (India Standard Time)","15657.00","15689.00","15657.00","15674.00","4511.00"
"Mon Jun 15 2026 20:00:00 GMT+0530 (India Standard Time)","15674.00","15680.00","15655.00","15660.00","5691.00"
"Mon Jun 15 2026 21:00:00 GMT+0530 (India Standard Time)","15660.00","15675.00","15639.00","15641.00","1307.00"
"Mon Jun 15 2026 22:00:00 GMT+0530 (India Standard Time)","15641.00","15645.00","15624.00","15631.00","1693.00"
"Mon Jun 15 2026 23:00:00 GMT+0530 (India Standard Time)","15631.00","15633.00","15610.00","15610.00","2733.00"
"Tue Jun 16 2026 09:00:00 GMT+0530 (India Standard Time)","15617.00","15640.00","15575.00","15612.00","1645.00"
"Tue Jun 16 2026 10:00:00 GMT+0530 (India Standard Time)","15612.00","15617.00","15588.00","15601.00","1187.00"
"Tue Jun 16 2026 11:00:00 GMT+0530 (India Standard Time)","15601.00","15609.00","15554.00","15575.00","5394.00"
"Tue Jun 16 2026 12:00:00 GMT+0530 (India Standard Time)","15575.00","15590.00","15557.00","15589.00","2931.00"
"Tue Jun 16 2026 13:00:00 GMT+0530 (India Standard Time)","15589.00","15608.00","15581.00","15603.00","1873.00"
"Tue Jun 16 2026 14:00:00 GMT+0530 (India Standard Time)","15604.00","15623.00","15599.00","15603.00","938.00"
"Tue Jun 16 2026 15:00:00 GMT+0530 (India Standard Time)","15603.00","15625.00","15603.00","15622.00","2113.00"
"Tue Jun 16 2026 16:00:00 GMT+0530 (India Standard Time)","15622.00","15630.00","15601.00","15605.00","711.00"
"Tue Jun 16 2026 17:00:00 GMT+0530 (India Standard Time)","15605.00","15620.00","15585.00","15619.00","1229.00"
"Tue Jun 16 2026 18:00:00 GMT+0530 (India Standard Time)","15619.00","15650.00","15608.00","15617.00","1964.00"
"Tue Jun 16 2026 19:00:00 GMT+0530 (India Standard Time)","15617.00","15626.00","15566.00","15567.00","1762.00"
"Tue Jun 16 2026 20:00:00 GMT+0530 (India Standard Time)","15567.00","15588.00","15560.00","15587.00","1181.00"
"Tue Jun 16 2026 21:00:00 GMT+0530 (India Standard Time)","15587.00","15622.00","15578.00","15618.00","1267.00"
"Tue Jun 16 2026 22:00:00 GMT+0530 (India Standard Time)","15615.00","15619.00","15586.00","15600.00","681.00"
"Tue Jun 16 2026 23:00:00 GMT+0530 (India Standard Time)","15600.00","15618.00","15591.00","15608.00","874.00"
"Wed Jun 17 2026 09:00:00 GMT+0530 (India Standard Time)","15595.00","15872.00","15133.00","15550.00","2877.00"
"Wed Jun 17 2026 10:00:00 GMT+0530 (India Standard Time)","15550.00","15571.00","15536.00","15558.00","1653.00"
"Wed Jun 17 2026 11:00:00 GMT+0530 (India Standard Time)","15562.00","15576.00","15546.00","15554.00","964.00"
"Wed Jun 17 2026 12:00:00 GMT+0530 (India Standard Time)","15554.00","15568.00","15550.00","15558.00","497.00"
"Wed Jun 17 2026 13:00:00 GMT+0530 (India Standard Time)","15558.00","15563.00","15544.00","15558.00","936.00"
"Wed Jun 17 2026 14:00:00 GMT+0530 (India Standard Time)","15558.00","15570.00","15542.00","15568.00","1340.00"
"Wed Jun 17 2026 15:00:00 GMT+0530 (India Standard Time)","15568.00","15574.00","15558.00","15564.00","611.00"
"Wed Jun 17 2026 16:00:00 GMT+0530 (India Standard Time)","15564.00","15575.00","15556.00","15560.00","433.00"
"Wed Jun 17 2026 17:00:00 GMT+0530 (India Standard Time)","15560.00","15565.00","15546.00","15563.00","721.00"
"Wed Jun 17 2026 18:00:00 GMT+0530 (India Standard Time)","15562.00","15577.00","15546.00","15571.00","764.00"
"Wed Jun 17 2026 19:00:00 GMT+0530 (India Standard Time)","15571.00","15635.00","15566.00","15626.00","2103.00"
"Wed Jun 17 2026 20:00:00 GMT+0530 (India Standard Time)","15635.00","15640.00","15572.00","15616.00","2238.00"
"Wed Jun 17 2026 21:00:00 GMT+0530 (India Standard Time)","15616.00","15641.00","15615.00","15637.00","1297.00"
"Wed Jun 17 2026 22:00:00 GMT+0530 (India Standard Time)","15637.00","15640.00","15617.00","15632.00","954.00"
"Wed Jun 17 2026 23:00:00 GMT+0530 (India Standard Time)","15632.00","15690.00","15632.00","15675.00","4346.00"
"Thu Jun 18 2026 09:00:00 GMT+0530 (India Standard Time)","15600.00","15601.00","15529.00","15538.00","4507.00"
"Thu Jun 18 2026 10:00:00 GMT+0530 (India Standard Time)","15538.00","15557.00","15515.00","15556.00","2663.00"
"Thu Jun 18 2026 11:00:00 GMT+0530 (India Standard Time)","15556.00","15558.00","15457.00","15485.00","3047.00"
"Thu Jun 18 2026 12:00:00 GMT+0530 (India Standard Time)","15485.00","15503.00","15463.00","15500.00","1181.00"
"Thu Jun 18 2026 13:00:00 GMT+0530 (India Standard Time)","15500.00","15501.00","15414.00","15416.00","3031.00"
"Thu Jun 18 2026 14:00:00 GMT+0530 (India Standard Time)","15416.00","15428.00","15344.00","15376.00","5214.00"
"Thu Jun 18 2026 15:00:00 GMT+0530 (India Standard Time)","15376.00","15407.00","15371.00","15393.00","1755.00"
"Thu Jun 18 2026 16:00:00 GMT+0530 (India Standard Time)","15393.00","15397.00","15321.00","15349.00","4358.00"
"Thu Jun 18 2026 17:00:00 GMT+0530 (India Standard Time)","15349.00","15386.00","15308.00","15356.00","2066.00"
"Thu Jun 18 2026 18:00:00 GMT+0530 (India Standard Time)","15356.00","15375.00","15320.00","15370.00","2648.00"
"Thu Jun 18 2026 19:00:00 GMT+0530 (India Standard Time)","15370.00","15393.00","15310.00","15324.00","2712.00"
"Thu Jun 18 2026 20:00:00 GMT+0530 (India Standard Time)","15324.00","15357.00","15313.00","15313.00","16246.00"
"Thu Jun 18 2026 21:00:00 GMT+0530 (India Standard Time)","15313.00","15320.00","15262.00","15270.00","4287.00"
"Thu Jun 18 2026 22:00:00 GMT+0530 (India Standard Time)","15270.00","15286.00","15230.00","15268.00","3718.00"
"Thu Jun 18 2026 23:00:00 GMT+0530 (India Standard Time)","15268.00","15292.00","15260.00","15280.00","2185.00"
"Fri Jun 19 2026 09:00:00 GMT+0530 (India Standard Time)","15199.00","15199.00","14964.00","14985.00","11615.00"
"Fri Jun 19 2026 10:00:00 GMT+0530 (India Standard Time)","14987.00","14990.00","14894.00","14943.00","10301.00"
"Fri Jun 19 2026 11:00:00 GMT+0530 (India Standard Time)","14943.00","15007.00","14928.00","14989.00","5944.00"
"Fri Jun 19 2026 12:00:00 GMT+0530 (India Standard Time)","14989.00","15077.00","14962.00","15030.00","6205.00"
"Fri Jun 19 2026 13:00:00 GMT+0530 (India Standard Time)","15030.00","15166.00","15030.00","15144.00","6484.00"
"Fri Jun 19 2026 14:00:00 GMT+0530 (India Standard Time)","15144.00","15153.00","15075.00","15075.00","3426.00"
"Fri Jun 19 2026 15:00:00 GMT+0530 (India Standard Time)","15075.00","15095.00","15022.00","15034.00","2167.00"
"Fri Jun 19 2026 16:00:00 GMT+0530 (India Standard Time)","15034.00","15034.00","15005.00","15019.00","2192.00"
"Fri Jun 19 2026 17:00:00 GMT+0530 (India Standard Time)","15019.00","15071.00","15007.00","15045.00","1758.00"
"Fri Jun 19 2026 18:00:00 GMT+0530 (India Standard Time)","15043.00","15127.00","15017.00","15061.00","3143.00"
"Fri Jun 19 2026 19:00:00 GMT+0530 (India Standard Time)","15061.00","15075.00","15020.00","15036.00","1525.00"
"Fri Jun 19 2026 20:00:00 GMT+0530 (India Standard Time)","15039.00","15055.00","15020.00","15050.00","831.00"
"Fri Jun 19 2026 21:00:00 GMT+0530 (India Standard Time)","15050.00","15050.00","15030.00","15046.00","912.00"
"Fri Jun 19 2026 22:00:00 GMT+0530 (India Standard Time)","15046.00","15073.00","15035.00","15059.00","1611.00"
"Fri Jun 19 2026 23:00:00 GMT+0530 (India Standard Time)","15059.00","15063.00","15050.00","15063.00","1896.00"
"Mon Jun 22 2026 09:00:00 GMT+0530 (India Standard Time)","15066.00","15128.00","15062.00","15084.00","3111.00"
"Mon Jun 22 2026 10:00:00 GMT+0530 (India Standard Time)","15084.00","15139.00","15076.00","15139.00","3065.00"
"Mon Jun 22 2026 11:00:00 GMT+0530 (India Standard Time)","15139.00","15171.00","15138.00","15163.00","3652.00"
"Mon Jun 22 2026 12:00:00 GMT+0530 (India Standard Time)","15163.00","15194.00","15159.00","15172.00","2985.00"
"Mon Jun 22 2026 13:00:00 GMT+0530 (India Standard Time)","15172.00","15181.00","15140.00","15165.00","2403.00"
"Mon Jun 22 2026 14:00:00 GMT+0530 (India Standard Time)","15165.00","15206.00","15150.00","15192.00","2223.00"
"Mon Jun 22 2026 15:00:00 GMT+0530 (India Standard Time)","15192.00","15220.00","15192.00","15215.00","1955.00"
"Mon Jun 22 2026 16:00:00 GMT+0530 (India Standard Time)","15214.00","15217.00","15180.00","15204.00","1441.00"
"Mon Jun 22 2026 17:00:00 GMT+0530 (India Standard Time)","15204.00","15215.00","15191.00","15203.00","1193.00"
"Mon Jun 22 2026 18:00:00 GMT+0530 (India Standard Time)","15202.00","15205.00","15164.00","15169.00","1658.00"
"Mon Jun 22 2026 19:00:00 GMT+0530 (India Standard Time)","15169.00","15213.00","15162.00","15182.00","1881.00"
"Mon Jun 22 2026 20:00:00 GMT+0530 (India Standard Time)","15182.00","15204.00","15162.00","15164.00","1134.00"
"Mon Jun 22 2026 21:00:00 GMT+0530 (India Standard Time)","15164.00","15164.00","15105.00","15137.00","3866.00"
"Mon Jun 22 2026 22:00:00 GMT+0530 (India Standard Time)","15136.00","15158.00","15128.00","15147.00","1038.00"
"Mon Jun 22 2026 23:00:00 GMT+0530 (India Standard Time)","15138.00","15149.00","15122.00","15130.00","1592.00"
"Tue Jun 23 2026 09:00:00 GMT+0530 (India Standard Time)","15077.00","15077.00","14970.00","15016.00","5330.00"
"Tue Jun 23 2026 10:00:00 GMT+0530 (India Standard Time)","15016.00","15029.00","14976.00","14990.00","4455.00"
"Tue Jun 23 2026 11:00:00 GMT+0530 (India Standard Time)","14990.00","15005.00","14959.00","14976.00","4041.00"
"Tue Jun 23 2026 12:00:00 GMT+0530 (India Standard Time)","14976.00","14993.00","14954.00","14991.00","2488.00"
"Tue Jun 23 2026 13:00:00 GMT+0530 (India Standard Time)","14991.00","14991.00","14900.00","14916.00","5997.00"
"Tue Jun 23 2026 14:00:00 GMT+0530 (India Standard Time)","14916.00","14970.00","14915.00","14966.00","2671.00"
"Tue Jun 23 2026 15:00:00 GMT+0530 (India Standard Time)","14966.00","15006.00","14954.00","14999.00","3340.00"
"Tue Jun 23 2026 16:00:00 GMT+0530 (India Standard Time)","14999.00","15002.00","14951.00","14978.00","1951.00"
"Tue Jun 23 2026 17:00:00 GMT+0530 (India Standard Time)","14981.00","14986.00","14957.00","14957.00","1354.00"
"Tue Jun 23 2026 18:00:00 GMT+0530 (India Standard Time)","14962.00","14976.00","14949.00","14968.00","2095.00"
"Tue Jun 23 2026 19:00:00 GMT+0530 (India Standard Time)","14968.00","15027.00","14961.00","15002.00","3713.00"
"Tue Jun 23 2026 20:00:00 GMT+0530 (India Standard Time)","15002.00","15012.00","14983.00","14995.00","895.00"
"Tue Jun 23 2026 21:00:00 GMT+0530 (India Standard Time)","14996.00","15018.00","14996.00","15004.00","767.00"
"Tue Jun 23 2026 22:00:00 GMT+0530 (India Standard Time)","15004.00","15026.00","14995.00","15001.00","1599.00"
"Tue Jun 23 2026 23:00:00 GMT+0530 (India Standard Time)","15001.00","15014.00","14985.00","14985.00","1281.00"
"Wed Jun 24 2026 09:00:00 GMT+0530 (India Standard Time)","14801.00","14872.00","14760.00","14796.00","14302.00"
"Wed Jun 24 2026 10:00:00 GMT+0530 (India Standard Time)","14796.00","14810.00","14769.00","14809.00","3243.00"
"Wed Jun 24 2026 11:00:00 GMT+0530 (India Standard Time)","14809.00","14871.00","14796.00","14843.00","8586.00"
"Wed Jun 24 2026 12:00:00 GMT+0530 (India Standard Time)","14843.00","14855.00","14820.00","14822.00","2424.00"
"Wed Jun 24 2026 13:00:00 GMT+0530 (India Standard Time)","14822.00","14828.00","14798.00","14807.00","2620.00"
"Wed Jun 24 2026 14:00:00 GMT+0530 (India Standard Time)","14810.00","14831.00","14784.00","14784.00","3877.00"
"Wed Jun 24 2026 15:00:00 GMT+0530 (India Standard Time)","14784.00","14785.00","14748.00","14753.00","7185.00"
"Wed Jun 24 2026 16:00:00 GMT+0530 (India Standard Time)","14753.00","14781.00","14685.00","14689.00","7831.00"
"Wed Jun 24 2026 17:00:00 GMT+0530 (India Standard Time)","14689.00","14715.00","14568.00","14578.00","13190.00"
"Wed Jun 24 2026 18:00:00 GMT+0530 (India Standard Time)","14576.00","14605.00","14320.00","14465.00","24289.00"
"Wed Jun 24 2026 19:00:00 GMT+0530 (India Standard Time)","14465.00","14660.00","14465.00","14582.00","13441.00"
"Wed Jun 24 2026 20:00:00 GMT+0530 (India Standard Time)","14582.00","14617.00","14513.00","14558.00","4546.00"
"Wed Jun 24 2026 21:00:00 GMT+0530 (India Standard Time)","14558.00","14566.00","14510.00","14550.00","2605.00"
"Wed Jun 24 2026 22:00:00 GMT+0530 (India Standard Time)","14550.00","14568.00","14465.00","14477.00","5324.00"
"Wed Jun 24 2026 23:00:00 GMT+0530 (India Standard Time)","14477.00","14482.00","14401.00","14401.00","4118.00"
"Thu Jun 25 2026 09:00:00 GMT+0530 (India Standard Time)","14411.00","14510.00","14360.00","14446.00","15489.00"
"Thu Jun 25 2026 10:00:00 GMT+0530 (India Standard Time)","14446.00","14479.00","14405.00","14477.00","4853.00"
"Thu Jun 25 2026 11:00:00 GMT+0530 (India Standard Time)","14477.00","14480.00","14430.00","14467.00","4434.00"
"Thu Jun 25 2026 12:00:00 GMT+0530 (India Standard Time)","14467.00","14467.00","14420.00","14444.00","3295.00"
"Thu Jun 25 2026 13:00:00 GMT+0530 (India Standard Time)","14444.00","14512.00","14416.00","14497.00","6140.00"
"Thu Jun 25 2026 14:00:00 GMT+0530 (India Standard Time)","14497.00","14543.00","14476.00","14510.00","8255.00"
"Thu Jun 25 2026 15:00:00 GMT+0530 (India Standard Time)","14510.00","14521.00","14449.00","14474.00","5702.00"
"Thu Jun 25 2026 16:00:00 GMT+0530 (India Standard Time)","14476.00","14487.00","14435.00","14438.00","3799.00"
"Thu Jun 25 2026 17:00:00 GMT+0530 (India Standard Time)","14438.00","14491.00","14435.00","14470.00","4708.00"
"Thu Jun 25 2026 18:00:00 GMT+0530 (India Standard Time)","14470.00","14613.00","14467.00","14565.00","11855.00"
"Thu Jun 25 2026 19:00:00 GMT+0530 (India Standard Time)","14565.00","14592.00","14521.00","14592.00","6412.00"
"Thu Jun 25 2026 20:00:00 GMT+0530 (India Standard Time)","14595.00","14607.00","14540.00","14591.00","6056.00"
"Thu Jun 25 2026 21:00:00 GMT+0530 (India Standard Time)","14591.00","14634.00","14583.00","14618.00","4352.00"
"Thu Jun 25 2026 22:00:00 GMT+0530 (India Standard Time)","14622.00","14622.00","14574.00","14582.00","6011.00"
"Thu Jun 25 2026 23:00:00 GMT+0530 (India Standard Time)","14582.00","14608.00","14555.00","14604.00","4838.00"
"Fri Jun 26 2026 17:00:00 GMT+0530 (India Standard Time)","14611.00","14666.00","14411.00","14623.00","7679.00"
"Fri Jun 26 2026 18:00:00 GMT+0530 (India Standard Time)","14623.00","14667.00","14583.00","14649.00","6314.00"
"Fri Jun 26 2026 19:00:00 GMT+0530 (India Standard Time)","14647.00","14731.00","14628.00","14695.00","10097.00"
"Fri Jun 26 2026 20:00:00 GMT+0530 (India Standard Time)","14700.00","14728.00","14687.00","14704.00","5954.00"
"Fri Jun 26 2026 21:00:00 GMT+0530 (India Standard Time)","14704.00","14738.00","14704.00","14708.00","4767.00"
"Fri Jun 26 2026 22:00:00 GMT+0530 (India Standard Time)","14708.00","14725.00","14690.00","14712.00","4064.00"
"Fri Jun 26 2026 23:00:00 GMT+0530 (India Standard Time)","14712.00","14729.00","14694.00","14716.00","2863.00"
"Mon Jun 29 2026 09:00:00 GMT+0530 (India Standard Time)","14750.00","14751.00","14640.00","14650.00","4978.00"
"Mon Jun 29 2026 10:00:00 GMT+0530 (India Standard Time)","14650.00","14652.00","14607.00","14610.00","4264.00"
"Mon Jun 29 2026 11:00:00 GMT+0530 (India Standard Time)","14610.00","14639.00","14570.00","14634.00","3674.00"
"Mon Jun 29 2026 12:00:00 GMT+0530 (India Standard Time)","14634.00","14650.00","14616.00","14648.00","2336.00"
"Mon Jun 29 2026 13:00:00 GMT+0530 (India Standard Time)","14648.00","14657.00","14633.00","14635.00","1634.00"
"Mon Jun 29 2026 14:00:00 GMT+0530 (India Standard Time)","14635.00","14647.00","14600.00","14605.00","3087.00"
"Mon Jun 29 2026 15:00:00 GMT+0530 (India Standard Time)","14608.00","14616.00","14561.00","14583.00","4200.00"
"Mon Jun 29 2026 16:00:00 GMT+0530 (India Standard Time)","14585.00","14590.00","14565.00","14575.00","2052.00"
"Mon Jun 29 2026 17:00:00 GMT+0530 (India Standard Time)","14575.00","14614.00","14568.00","14585.00","2121.00"
"Mon Jun 29 2026 18:00:00 GMT+0530 (India Standard Time)","14587.00","14610.00","14583.00","14588.00","1674.00"
"Mon Jun 29 2026 19:00:00 GMT+0530 (India Standard Time)","14585.00","14595.00","14495.00","14535.00","6028.00"
"Mon Jun 29 2026 20:00:00 GMT+0530 (India Standard Time)","14535.00","14554.00","14523.00","14533.00","10513.00"
"Mon Jun 29 2026 21:00:00 GMT+0530 (India Standard Time)","14533.00","14551.00","14525.00","14537.00","1679.00"
"Mon Jun 29 2026 22:00:00 GMT+0530 (India Standard Time)","14537.00","14560.00","14529.00","14551.00","2175.00"
"Mon Jun 29 2026 23:00:00 GMT+0530 (India Standard Time)","14551.00","14559.00","14541.00","14556.00","2928.00"
"Tue Jun 30 2026 09:00:00 GMT+0530 (India Standard Time)","14512.00","14512.00","14350.00","14430.00","10008.00"
"Tue Jun 30 2026 10:00:00 GMT+0530 (India Standard Time)","14430.00","14470.00","14417.00","14423.00","4483.00"
"Tue Jun 30 2026 11:00:00 GMT+0530 (India Standard Time)","14423.00","14508.00","14397.00","14503.00","3716.00"
"Tue Jun 30 2026 12:00:00 GMT+0530 (India Standard Time)","14503.00","14583.00","14501.00","14565.00","7764.00"
"Tue Jun 30 2026 13:00:00 GMT+0530 (India Standard Time)","14565.00","14601.00","14539.00","14557.00","3684.00"
"Tue Jun 30 2026 14:00:00 GMT+0530 (India Standard Time)","14559.00","14570.00","14522.00","14545.00","3129.00"
"Tue Jun 30 2026 15:00:00 GMT+0530 (India Standard Time)","14553.00","14568.00","14523.00","14560.00","2265.00"
"Tue Jun 30 2026 16:00:00 GMT+0530 (India Standard Time)","14560.00","14585.00","14548.00","14576.00","2757.00"
"Tue Jun 30 2026 17:00:00 GMT+0530 (India Standard Time)","14576.00","14592.00","14524.00","14540.00","4359.00"
"Tue Jun 30 2026 18:00:00 GMT+0530 (India Standard Time)","14540.00","14573.00","14500.00","14547.00","5910.00"
"Tue Jun 30 2026 19:00:00 GMT+0530 (India Standard Time)","14547.00","14651.00","14530.00","14626.00","8782.00"
"Tue Jun 30 2026 20:00:00 GMT+0530 (India Standard Time)","14626.00","14637.00","14559.00","14576.00","7502.00"
"Tue Jun 30 2026 21:00:00 GMT+0530 (India Standard Time)","14576.00","14602.00","14556.00","14574.00","2617.00"
"Tue Jun 30 2026 22:00:00 GMT+0530 (India Standard Time)","14577.00","14584.00","14514.00","14522.00","6249.00"
"Tue Jun 30 2026 23:00:00 GMT+0530 (India Standard Time)","14522.00","14567.00","14522.00","14556.00","3217.00"
"Wed Jul 01 2026 09:00:00 GMT+0530 (India Standard Time)","14511.00","14517.00","14415.00","14437.00","10709.00"
"Wed Jul 01 2026 10:00:00 GMT+0530 (India Standard Time)","14437.00","14445.00","14410.00","14421.00","4776.00"
"Wed Jul 01 2026 11:00:00 GMT+0530 (India Standard Time)","14421.00","14437.00","14393.00","14399.00","5184.00"
"Wed Jul 01 2026 12:00:00 GMT+0530 (India Standard Time)","14399.00","14417.00","14385.00","14400.00","3973.00"
"Wed Jul 01 2026 13:00:00 GMT+0530 (India Standard Time)","14400.00","14467.00","14395.00","14455.00","5069.00"
"Wed Jul 01 2026 14:00:00 GMT+0530 (India Standard Time)","14455.00","14463.00","14433.00","14461.00","2352.00"
"Wed Jul 01 2026 15:00:00 GMT+0530 (India Standard Time)","14461.00","14499.00","14461.00","14490.00","4279.00"
"Wed Jul 01 2026 16:00:00 GMT+0530 (India Standard Time)","14490.00","14592.00","14483.00","14591.00","10533.00"
"Wed Jul 01 2026 17:00:00 GMT+0530 (India Standard Time)","14591.00","14610.00","14560.00","14581.00","8147.00"
"Wed Jul 01 2026 18:00:00 GMT+0530 (India Standard Time)","14581.00","14636.00","14542.00","14636.00","9201.00"
"Wed Jul 01 2026 19:00:00 GMT+0530 (India Standard Time)","14634.00","14810.00","14626.00","14762.00","28852.00"
"Wed Jul 01 2026 20:00:00 GMT+0530 (India Standard Time)","14762.00","14820.00","14721.00","14741.00","13163.00"
"Wed Jul 01 2026 21:00:00 GMT+0530 (India Standard Time)","14741.00","14757.00","14723.00","14738.00","3362.00"
"Wed Jul 01 2026 22:00:00 GMT+0530 (India Standard Time)","14737.00","14744.00","14692.00","14711.00","4995.00"
"Wed Jul 01 2026 23:00:00 GMT+0530 (India Standard Time)","14711.00","14730.00","14708.00","14725.00","3590.00"
"Thu Jul 02 2026 09:00:00 GMT+0530 (India Standard Time)","14689.00","14747.00","14682.00","14699.00","8743.00"
"Thu Jul 02 2026 10:00:00 GMT+0530 (India Standard Time)","14699.00","14702.00","14667.00","14675.00","3670.00"
"Thu Jul 02 2026 11:00:00 GMT+0530 (India Standard Time)","14675.00","14777.00","14668.00","14760.00","5443.00"
"Thu Jul 02 2026 12:00:00 GMT+0530 (India Standard Time)","14760.00","14770.00","14705.00","14712.00","3260.00"
"Thu Jul 02 2026 13:00:00 GMT+0530 (India Standard Time)","14712.00","14762.00","14710.00","14746.00","2531.00"
"Thu Jul 02 2026 14:00:00 GMT+0530 (India Standard Time)","14746.00","14763.00","14733.00","14735.00","1976.00"
"Thu Jul 02 2026 15:00:00 GMT+0530 (India Standard Time)","14735.00","14749.00","14720.00","14734.00","2053.00"
"Thu Jul 02 2026 16:00:00 GMT+0530 (India Standard Time)","14733.00","14742.00","14705.00","14732.00","2363.00"
"Thu Jul 02 2026 17:00:00 GMT+0530 (India Standard Time)","14732.00","14759.00","14731.00","14751.00","2726.00"
"Thu Jul 02 2026 18:00:00 GMT+0530 (India Standard Time)","14757.00","14914.00","14757.00","14862.00","26403.00"
"Thu Jul 02 2026 19:00:00 GMT+0530 (India Standard Time)","14862.00","14930.00","14858.00","14875.00","13178.00"
"Thu Jul 02 2026 20:00:00 GMT+0530 (India Standard Time)","14875.00","14900.00","14870.00","14885.00","5175.00"
"Thu Jul 02 2026 21:00:00 GMT+0530 (India Standard Time)","14885.00","14900.00","14865.00","14867.00","5051.00"
"Thu Jul 02 2026 22:00:00 GMT+0530 (India Standard Time)","14867.00","14880.00","14825.00","14860.00","6304.00"
"Thu Jul 02 2026 23:00:00 GMT+0530 (India Standard Time)","14860.00","14869.00","14845.00","14863.00","3262.00"
"Fri Jul 03 2026 09:00:00 GMT+0530 (India Standard Time)","14942.00","15057.00","14894.00","15043.00","16437.00"
"Fri Jul 03 2026 10:00:00 GMT+0530 (India Standard Time)","15043.00","15043.00","15020.00","15029.00","3736.00"
"Fri Jul 03 2026 11:00:00 GMT+0530 (India Standard Time)","15029.00","15041.00","15007.00","15013.00","3241.00"
"Fri Jul 03 2026 12:00:00 GMT+0530 (India Standard Time)","15014.00","15048.00","15010.00","15043.00","3123.00"
"Fri Jul 03 2026 13:00:00 GMT+0530 (India Standard Time)","15043.00","15072.00","15040.00","15061.00","4658.00"
"Fri Jul 03 2026 14:00:00 GMT+0530 (India Standard Time)","15061.00","15070.00","15040.00","15043.00","2564.00"
"Fri Jul 03 2026 15:00:00 GMT+0530 (India Standard Time)","15043.00","15053.00","15024.00","15043.00","4197.00"
"Fri Jul 03 2026 16:00:00 GMT+0530 (India Standard Time)","15043.00","15052.00","15031.00","15044.00","1567.00"
"Fri Jul 03 2026 17:00:00 GMT+0530 (India Standard Time)","15044.00","15050.00","15009.00","15025.00","3459.00"
"Fri Jul 03 2026 18:00:00 GMT+0530 (India Standard Time)","15025.00","15043.00","14984.00","15011.00","6320.00"
"Fri Jul 03 2026 19:00:00 GMT+0530 (India Standard Time)","15011.00","15013.00","14947.00","14987.00","5859.00"
"Fri Jul 03 2026 20:00:00 GMT+0530 (India Standard Time)","14987.00","15030.00","14983.00","14995.00","5865.00"
"Fri Jul 03 2026 21:00:00 GMT+0530 (India Standard Time)","14995.00","15010.00","14982.00","15006.00","4382.00"
"Fri Jul 03 2026 22:00:00 GMT+0530 (India Standard Time)","15006.00","15024.00","14996.00","15003.00","3735.00"
"Fri Jul 03 2026 23:00:00 GMT+0530 (India Standard Time)","15003.00","15025.00","15002.00","15025.00","3815.00"
"Mon Jul 06 2026 09:00:00 GMT+0530 (India Standard Time)","15027.00","15031.00","14983.00","14999.00","6634.00"
"Mon Jul 06 2026 10:00:00 GMT+0530 (India Standard Time)","14999.00","14999.00","14965.00","14980.00","2306.00"
"Mon Jul 06 2026 11:00:00 GMT+0530 (India Standard Time)","14980.00","15008.00","14961.00","14985.00","3598.00"
"Mon Jul 06 2026 12:00:00 GMT+0530 (India Standard Time)","14985.00","14998.00","14961.00","14976.00","2869.00"
"Mon Jul 06 2026 13:00:00 GMT+0530 (India Standard Time)","14976.00","15012.00","14974.00","14988.00","4450.00"
"Mon Jul 06 2026 14:00:00 GMT+0530 (India Standard Time)","14988.00","14992.00","14923.00","14930.00","3456.00"
"Mon Jul 06 2026 15:00:00 GMT+0530 (India Standard Time)","14930.00","14960.00","14913.00","14956.00","5077.00"
"Mon Jul 06 2026 16:00:00 GMT+0530 (India Standard Time)","14956.00","14976.00","14951.00","14967.00","4283.00"
"Mon Jul 06 2026 17:00:00 GMT+0530 (India Standard Time)","14967.00","14979.00","14936.00","14944.00","1998.00"
"Mon Jul 06 2026 18:00:00 GMT+0530 (India Standard Time)","14944.00","14955.00","14918.00","14938.00","4385.00"
"Mon Jul 06 2026 19:00:00 GMT+0530 (India Standard Time)","14938.00","14957.00","14920.00","14934.00","2568.00"
"Mon Jul 06 2026 20:00:00 GMT+0530 (India Standard Time)","14934.00","14952.00","14910.00","14951.00","2927.00"
"Mon Jul 06 2026 21:00:00 GMT+0530 (India Standard Time)","14949.00","14949.00","14929.00","14931.00","1503.00"
"Mon Jul 06 2026 22:00:00 GMT+0530 (India Standard Time)","14931.00","14970.00","14931.00","14960.00","3007.00"
"Mon Jul 06 2026 23:00:00 GMT+0530 (India Standard Time)","14960.00","14985.00","14960.00","14983.00","2578.00"
"Tue Jul 07 2026 09:00:00 GMT+0530 (India Standard Time)","14909.00","14932.00","14852.00","14874.00","7881.00"
"Tue Jul 07 2026 10:00:00 GMT+0530 (India Standard Time)","14874.00","14874.00","14818.00","14841.00","5399.00"
"Tue Jul 07 2026 11:00:00 GMT+0530 (India Standard Time)","14841.00","14854.00","14812.00","14849.00","3343.00"
"Tue Jul 07 2026 12:00:00 GMT+0530 (India Standard Time)","14849.00","14864.00","14834.00","14841.00","1929.00"
"Tue Jul 07 2026 13:00:00 GMT+0530 (India Standard Time)","14841.00","14859.00","14830.00","14859.00","1403.00"
"Tue Jul 07 2026 14:00:00 GMT+0530 (India Standard Time)","14859.00","14859.00","14799.00","14800.00","3143.00"
"Tue Jul 07 2026 15:00:00 GMT+0530 (India Standard Time)","14800.00","14835.00","14800.00","14831.00","1906.00"
"Tue Jul 07 2026 16:00:00 GMT+0530 (India Standard Time)","14831.00","14849.00","14807.00","14839.00","2722.00"
"Tue Jul 07 2026 17:00:00 GMT+0530 (India Standard Time)","14839.00","14934.00","14830.00","14905.00","10301.00"
"Tue Jul 07 2026 18:00:00 GMT+0530 (India Standard Time)","14905.00","14929.00","14885.00","14903.00","4809.00"
"Tue Jul 07 2026 19:00:00 GMT+0530 (India Standard Time)","14903.00","14933.00","14860.00","14874.00","5556.00"
"Tue Jul 07 2026 20:00:00 GMT+0530 (India Standard Time)","14874.00","14876.00","14826.00","14835.00","4574.00"
"Tue Jul 07 2026 21:00:00 GMT+0530 (India Standard Time)","14835.00","14853.00","14821.00","14843.00","4508.00"
"Tue Jul 07 2026 22:00:00 GMT+0530 (India Standard Time)","14841.00","14841.00","14819.00","14834.00","2291.00"
"Tue Jul 07 2026 23:00:00 GMT+0530 (India Standard Time)","14837.00","14840.00","14825.00","14835.00","2483.00"
"Wed Jul 08 2026 09:00:00 GMT+0530 (India Standard Time)","14826.00","14836.00","14765.00","14777.00","7040.00"
"Wed Jul 08 2026 10:00:00 GMT+0530 (India Standard Time)","14777.00","14811.00","14770.00","14777.00","2494.00"
"Wed Jul 08 2026 11:00:00 GMT+0530 (India Standard Time)","14777.00","14823.00","14777.00","14820.00","1923.00"
"Wed Jul 08 2026 12:00:00 GMT+0530 (India Standard Time)","14820.00","14822.00","14777.00","14794.00","2364.00"
"Wed Jul 08 2026 13:00:00 GMT+0530 (India Standard Time)","14794.00","14806.00","14700.00","14721.00","7414.00"
"Wed Jul 08 2026 14:00:00 GMT+0530 (India Standard Time)","14721.00","14727.00","14585.00","14626.00","16931.00"
"Wed Jul 08 2026 15:00:00 GMT+0530 (India Standard Time)","14626.00","14636.00","14587.00","14612.00","9484.00"
"Wed Jul 08 2026 16:00:00 GMT+0530 (India Standard Time)","14612.00","14635.00","14604.00","14613.00","3466.00"
"Wed Jul 08 2026 17:00:00 GMT+0530 (India Standard Time)","14613.00","14676.00","14593.00","14653.00","8527.00"
"Wed Jul 08 2026 18:00:00 GMT+0530 (India Standard Time)","14653.00","14688.00","14645.00","14650.00","5668.00"
"Wed Jul 08 2026 19:00:00 GMT+0530 (India Standard Time)","14649.00","14676.00","14607.00","14620.00","4152.00"
"Wed Jul 08 2026 20:00:00 GMT+0530 (India Standard Time)","14620.00","14621.00","14551.00","14578.00","8132.00"
"Wed Jul 08 2026 21:00:00 GMT+0530 (India Standard Time)","14578.00","14600.00","14546.00","14593.00","5258.00"
"Wed Jul 08 2026 22:00:00 GMT+0530 (India Standard Time)","14593.00","14662.00","14590.00","14658.00","7016.00"
"Wed Jul 08 2026 23:00:00 GMT+0530 (India Standard Time)","14657.00","14670.00","14625.00","14629.00","3457.00"
"Thu Jul 09 2026 09:00:00 GMT+0530 (India Standard Time)","14616.00","14635.00","14600.00","14605.00","4320.00"
"Thu Jul 09 2026 10:00:00 GMT+0530 (India Standard Time)","14605.00","14654.00","14601.00","14641.00","3823.00"
"Thu Jul 09 2026 11:00:00 GMT+0530 (India Standard Time)","14641.00","14737.00","14622.00","14737.00","7556.00"
"Thu Jul 09 2026 12:00:00 GMT+0530 (India Standard Time)","14736.00","14764.00","14707.00","14758.00","4773.00"
"Thu Jul 09 2026 13:00:00 GMT+0530 (India Standard Time)","14758.00","14789.00","14738.00","14770.00","5013.00"
"Thu Jul 09 2026 14:00:00 GMT+0530 (India Standard Time)","14770.00","14776.00","14733.00","14754.00","3795.00"
"Thu Jul 09 2026 15:00:00 GMT+0530 (India Standard Time)","14754.00","14765.00","14722.00","14737.00","3558.00"
"Thu Jul 09 2026 16:00:00 GMT+0530 (India Standard Time)","14737.00","14751.00","14705.00","14728.00","4026.00"
"Thu Jul 09 2026 17:00:00 GMT+0530 (India Standard Time)","14728.00","14780.00","14721.00","14750.00","4133.00"
"Thu Jul 09 2026 18:00:00 GMT+0530 (India Standard Time)","14750.00","14800.00","14750.00","14797.00","5852.00"
"Thu Jul 09 2026 19:00:00 GMT+0530 (India Standard Time)","14797.00","14800.00","14756.00","14777.00","3487.00"
"Thu Jul 09 2026 20:00:00 GMT+0530 (India Standard Time)","14777.00","14790.00","14759.00","14780.00","1929.00"
"Thu Jul 09 2026 21:00:00 GMT+0530 (India Standard Time)","14780.00","14794.00","14775.00","14788.00","1468.00"
"Thu Jul 09 2026 22:00:00 GMT+0530 (India Standard Time)","14788.00","14813.00","14783.00","14799.00","3430.00"
"Thu Jul 09 2026 23:00:00 GMT+0530 (India Standard Time)","14799.00","14815.00","14794.00","14814.00","2641.00"
"Fri Jul 10 2026 09:00:00 GMT+0530 (India Standard Time)","14777.00","14800.00","14750.00","14769.00","4760.00"
"Fri Jul 10 2026 10:00:00 GMT+0530 (India Standard Time)","14769.00","14771.00","14741.00","14744.00","1348.00"
"Fri Jul 10 2026 11:00:00 GMT+0530 (India Standard Time)","14743.00","14760.00","14725.00","14742.00","2830.00"
"Fri Jul 10 2026 12:00:00 GMT+0530 (India Standard Time)","14742.00","14743.00","14715.00","14740.00","6126.00"
"Fri Jul 10 2026 13:00:00 GMT+0530 (India Standard Time)","14740.00","14740.00","14694.00","14696.00","3075.00"
"Fri Jul 10 2026 14:00:00 GMT+0530 (India Standard Time)","14696.00","14712.00","14673.00","14712.00","3266.00"
"Fri Jul 10 2026 15:00:00 GMT+0530 (India Standard Time)","14712.00","14728.00","14682.00","14714.00","3473.00"
"Fri Jul 10 2026 16:00:00 GMT+0530 (India Standard Time)","14714.00","14718.00","14700.00","14700.00","2175.00"
"Fri Jul 10 2026 17:00:00 GMT+0530 (India Standard Time)","14700.00","14740.00","14685.00","14718.00","4537.00"
"Fri Jul 10 2026 18:00:00 GMT+0530 (India Standard Time)","14718.00","14721.00","14652.00","14652.00","5117.00"
"Fri Jul 10 2026 19:00:00 GMT+0530 (India Standard Time)","14652.00","14690.00","14651.00","14674.00","5891.00"
"Fri Jul 10 2026 20:00:00 GMT+0530 (India Standard Time)","14674.00","14677.00","14612.00","14631.00","12334.00"
"Fri Jul 10 2026 21:00:00 GMT+0530 (India Standard Time)","14631.00","14657.00","14620.00","14633.00","2282.00"
"Fri Jul 10 2026 22:00:00 GMT+0530 (India Standard Time)","14633.00","14640.00","14601.00","14613.00","6279.00"
"Fri Jul 10 2026 23:00:00 GMT+0530 (India Standard Time)","14613.00","14625.00","14606.00","14620.00","2847.00"
"Mon Jul 13 2026 09:00:00 GMT+0530 (India Standard Time)","14601.00","14601.00","14453.00","14472.00","12191.00"
"Mon Jul 13 2026 10:00:00 GMT+0530 (India Standard Time)","14472.00","14531.00","14467.00","14485.00","2935.00"
"Mon Jul 13 2026 11:00:00 GMT+0530 (India Standard Time)","14485.00","14510.00","14463.00","14496.00","2344.00"
"Mon Jul 13 2026 12:00:00 GMT+0530 (India Standard Time)","14496.00","14499.00","14472.00","14499.00","1036.00"
"Mon Jul 13 2026 13:00:00 GMT+0530 (India Standard Time)","14499.00","14551.00","14494.00","14524.00","4712.00"
"Mon Jul 13 2026 14:00:00 GMT+0530 (India Standard Time)","14524.00","14530.00","14511.00","14526.00","1726.00"
"Mon Jul 13 2026 15:00:00 GMT+0530 (India Standard Time)","14526.00","14526.00","14487.00","14492.00","1504.00"
"Mon Jul 13 2026 16:00:00 GMT+0530 (India Standard Time)","14492.00","14504.00","14441.00","14488.00","4999.00"
"Mon Jul 13 2026 17:00:00 GMT+0530 (India Standard Time)","14488.00","14503.00","14479.00","14488.00","2163.00"
"Mon Jul 13 2026 18:00:00 GMT+0530 (India Standard Time)","14488.00","14492.00","14462.00","14482.00","2255.00"
"Mon Jul 13 2026 19:00:00 GMT+0530 (India Standard Time)","14482.00","14483.00","14361.00","14392.00","14763.00"
"Mon Jul 13 2026 20:00:00 GMT+0530 (India Standard Time)","14391.00","14394.00","14329.00","14377.00","12907.00"
"Mon Jul 13 2026 21:00:00 GMT+0530 (India Standard Time)","14377.00","14379.00","14337.00","14341.00","5660.00"
"Mon Jul 13 2026 22:00:00 GMT+0530 (India Standard Time)","14341.00","14343.00","14304.00","14321.00","9358.00"
"Mon Jul 13 2026 23:00:00 GMT+0530 (India Standard Time)","14320.00","14330.00","14292.00","14296.00","5491.00"
"Tue Jul 14 2026 09:00:00 GMT+0530 (India Standard Time)","14318.00","14411.00","14318.00","14377.00","11923.00"
"Tue Jul 14 2026 10:00:00 GMT+0530 (India Standard Time)","14377.00","14420.00","14377.00","14412.00","3336.00"
"Tue Jul 14 2026 11:00:00 GMT+0530 (India Standard Time)","14412.00","14438.00","14392.00","14394.00","3485.00"
"Tue Jul 14 2026 12:00:00 GMT+0530 (India Standard Time)","14394.00","14416.00","14381.00","14408.00","2847.00"
"Tue Jul 14 2026 13:00:00 GMT+0530 (India Standard Time)","14408.00","14411.00","14341.00","14382.00","6901.00"
"Tue Jul 14 2026 14:00:00 GMT+0530 (India Standard Time)","14382.00","14390.00","14350.00","14361.00","2253.00"
"Tue Jul 14 2026 15:00:00 GMT+0530 (India Standard Time)","14361.00","14367.00","14336.00","14360.00","5883.00"
"Tue Jul 14 2026 16:00:00 GMT+0530 (India Standard Time)","14360.00","14378.00","14350.00","14370.00","5120.00"
"Tue Jul 14 2026 17:00:00 GMT+0530 (India Standard Time)","14370.00","14407.00","14368.00","14397.00","5555.00"
"Tue Jul 14 2026 18:00:00 GMT+0530 (India Standard Time)","14397.00","14612.00","14397.00","14508.00","25054.00"
"Tue Jul 14 2026 19:00:00 GMT+0530 (India Standard Time)","14506.00","14532.00","14492.00","14499.00","3742.00"
"Tue Jul 14 2026 20:00:00 GMT+0530 (India Standard Time)","14502.00","14544.00","14499.00","14513.00","4229.00"
"Tue Jul 14 2026 21:00:00 GMT+0530 (India Standard Time)","14513.00","14513.00","14430.00","14458.00","8123.00"
"Tue Jul 14 2026 22:00:00 GMT+0530 (India Standard Time)","14458.00","14476.00","14449.00","14476.00","2909.00"
"Tue Jul 14 2026 23:00:00 GMT+0530 (India Standard Time)","14476.00","14481.00","14455.00","14475.00","2925.00"
"Wed Jul 15 2026 09:00:00 GMT+0530 (India Standard Time)","14444.00","14444.00","14362.00","14426.00","7620.00"
"Wed Jul 15 2026 10:00:00 GMT+0530 (India Standard Time)","14426.00","14433.00","14399.00","14400.00","2996.00"
"Wed Jul 15 2026 11:00:00 GMT+0530 (India Standard Time)","14400.00","14425.00","14366.00","14370.00","5110.00"
"Wed Jul 15 2026 12:00:00 GMT+0530 (India Standard Time)","14370.00","14391.00","14361.00","14367.00","4580.00"
"Wed Jul 15 2026 13:00:00 GMT+0530 (India Standard Time)","14367.00","14378.00","14353.00","14378.00","3460.00"
"Wed Jul 15 2026 14:00:00 GMT+0530 (India Standard Time)","14378.00","14397.00","14350.00","14378.00","3730.00"
"Wed Jul 15 2026 15:00:00 GMT+0530 (India Standard Time)","14378.00","14399.00","14361.00","14377.00","3140.00"
"Wed Jul 15 2026 16:00:00 GMT+0530 (India Standard Time)","14377.00","14389.00","14375.00","14384.00","1150.00"
"Wed Jul 15 2026 17:00:00 GMT+0530 (India Standard Time)","14384.00","14429.00","14384.00","14405.00","6190.00"
"Wed Jul 15 2026 18:00:00 GMT+0530 (India Standard Time)","14405.00","14471.00","14405.00","14415.00","8669.00"
"Wed Jul 15 2026 19:00:00 GMT+0530 (India Standard Time)","14415.00","14446.00","14415.00","14430.00","2995.00"
"Wed Jul 15 2026 20:00:00 GMT+0530 (India Standard Time)","14430.00","14445.00","14380.00","14410.00","4918.00"
"Wed Jul 15 2026 21:00:00 GMT+0530 (India Standard Time)","14410.00","14411.00","14360.00","14372.00","5214.00"
"Wed Jul 15 2026 22:00:00 GMT+0530 (India Standard Time)","14372.00","14408.00","14360.00","14406.00","7991.00"
"Wed Jul 15 2026 23:00:00 GMT+0530 (India Standard Time)","14406.00","14440.00","14404.00","14436.00","4535.00"
"Thu Jul 16 2026 09:00:00 GMT+0530 (India Standard Time)","14398.00","14475.00","14352.00","14369.00","7120.00"
"Thu Jul 16 2026 10:00:00 GMT+0530 (India Standard Time)","14372.00","14376.00","14360.00","14363.00","4446.00"
"Thu Jul 16 2026 11:00:00 GMT+0530 (India Standard Time)","14364.00","14384.00","14361.00","14377.00","1816.00"
"Thu Jul 16 2026 12:00:00 GMT+0530 (India Standard Time)","14377.00","14377.00","14360.00","14361.00","1559.00"
"Thu Jul 16 2026 13:00:00 GMT+0530 (India Standard Time)","14361.00","14379.00","14359.00","14375.00","1881.00"
"Thu Jul 16 2026 14:00:00 GMT+0530 (India Standard Time)","14375.00","14400.00","14374.00","14386.00","1493.00"
"Thu Jul 16 2026 15:00:00 GMT+0530 (India Standard Time)","14386.00","14403.00","14380.00","14391.00","1713.00"
"Thu Jul 16 2026 16:00:00 GMT+0530 (India Standard Time)","14391.00","14404.00","14359.00","14366.00","4074.00"
"Thu Jul 16 2026 17:00:00 GMT+0530 (India Standard Time)","14366.00","14405.00","14335.00","14366.00","8242.00"
"Thu Jul 16 2026 18:00:00 GMT+0530 (India Standard Time)","14366.00","14373.00","14253.00","14315.00","24368.00"
"Thu Jul 16 2026 19:00:00 GMT+0530 (India Standard Time)","14320.00","14324.00","14270.00","14294.00","11124.00"
"Thu Jul 16 2026 20:00:00 GMT+0530 (India Standard Time)","14292.00","14320.00","14279.00","14307.00","8619.00"
"Thu Jul 16 2026 21:00:00 GMT+0530 (India Standard Time)","14307.00","14316.00","14262.00","14274.00","6097.00"
"Thu Jul 16 2026 22:00:00 GMT+0530 (India Standard Time)","14274.00","14288.00","14253.00","14254.00","4877.00"
"Thu Jul 16 2026 23:00:00 GMT+0530 (India Standard Time)","14254.00","14263.00","14231.00","14253.00","6074.00"
"Fri Jul 17 2026 09:00:00 GMT+0530 (India Standard Time)","14291.00","14292.00","14241.00","14243.00","8693.00"
"Fri Jul 17 2026 10:00:00 GMT+0530 (India Standard Time)","14243.00","14249.00","14143.00","14209.00","13119.00"
"Fri Jul 17 2026 11:00:00 GMT+0530 (India Standard Time)","14209.00","14294.00","14204.00","14283.00","8773.00"
"Fri Jul 17 2026 12:00:00 GMT+0530 (India Standard Time)","14282.00","14291.00","14251.00","14268.00","4158.00"
"Fri Jul 17 2026 13:00:00 GMT+0530 (India Standard Time)","14268.00","14290.00","14262.00","14270.00","4336.00"
"Fri Jul 17 2026 14:00:00 GMT+0530 (India Standard Time)","14270.00","14290.00","14264.00","14284.00","3031.00"
"Fri Jul 17 2026 15:00:00 GMT+0530 (India Standard Time)","14284.00","14306.00","14279.00","14304.00","7731.00"
"Fri Jul 17 2026 16:00:00 GMT+0530 (India Standard Time)","14302.00","14308.00","14290.00","14307.00","5799.00"
"Fri Jul 17 2026 17:00:00 GMT+0530 (India Standard Time)","14310.00","14310.00","14261.00","14278.00","10072.00"
"Fri Jul 17 2026 18:00:00 GMT+0530 (India Standard Time)","14278.00","14285.00","14229.00","14278.00","14139.00"
"Fri Jul 17 2026 19:00:00 GMT+0530 (India Standard Time)","14278.00","14360.00","14267.00","14337.00","15995.00"
"Fri Jul 17 2026 20:00:00 GMT+0530 (India Standard Time)","14337.00","14359.00","14299.00","14348.00","5900.00"
"Fri Jul 17 2026 21:00:00 GMT+0530 (India Standard Time)","14348.00","14360.00","14320.00","14335.00","4912.00"
"Fri Jul 17 2026 22:00:00 GMT+0530 (India Standard Time)","14335.00","14343.00","14321.00","14335.00","3871.00"
"Fri Jul 17 2026 23:00:00 GMT+0530 (India Standard Time)","14335.00","14355.00","14322.00","14343.00","4247.00"
"Mon Jul 20 2026 09:00:00 GMT+0530 (India Standard Time)","14317.00","14420.00","14316.00","14382.00","13537.00"
"Mon Jul 20 2026 10:00:00 GMT+0530 (India Standard Time)","14382.00","14402.00","14361.00","14362.00","4368.00"
"Mon Jul 20 2026 11:00:00 GMT+0530 (India Standard Time)","14362.00","14386.00","14355.00","14379.00","2673.00"
"Mon Jul 20 2026 12:00:00 GMT+0530 (India Standard Time)","14379.00","14383.00","14369.00","14380.00","2031.00"
"Mon Jul 20 2026 13:00:00 GMT+0530 (India Standard Time)","14380.00","14433.00","14380.00","14418.00","5886.00"
"Mon Jul 20 2026 14:00:00 GMT+0530 (India Standard Time)","14418.00","14431.00","14402.00","14409.00","4880.00"
"Mon Jul 20 2026 15:00:00 GMT+0530 (India Standard Time)","14409.00","14430.00","14407.00","14422.00","2189.00"
"Mon Jul 20 2026 16:00:00 GMT+0530 (India Standard Time)","14422.00","14430.00","14402.00","14418.00","3607.00"
"Mon Jul 20 2026 17:00:00 GMT+0530 (India Standard Time)","14418.00","14450.00","14385.00","14405.00","8918.00"
"Mon Jul 20 2026 18:00:00 GMT+0530 (India Standard Time)","14405.00","14410.00","14386.00","14398.00","3840.00"
"Mon Jul 20 2026 19:00:00 GMT+0530 (India Standard Time)","14398.00","14418.00","14370.00","14383.00","4386.00"
"Mon Jul 20 2026 20:00:00 GMT+0530 (India Standard Time)","14383.00","14418.00","14383.00","14408.00","3598.00"
"Mon Jul 20 2026 21:00:00 GMT+0530 (India Standard Time)","14408.00","14409.00","14390.00","14391.00","1243.00"
"Mon Jul 20 2026 22:00:00 GMT+0530 (India Standard Time)","14391.00","14391.00","14365.00","14382.00","3887.00"
"Mon Jul 20 2026 23:00:00 GMT+0530 (India Standard Time)","14382.00","14387.00","14364.00","14364.00","4203.00"
"Tue Jul 21 2026 09:00:00 GMT+0530 (India Standard Time)","14464.00","14468.00","14410.00","14446.00","10634.00"
"Tue Jul 21 2026 10:00:00 GMT+0530 (India Standard Time)","14446.00","14462.00","14439.00","14462.00","4201.00"
"Tue Jul 21 2026 11:00:00 GMT+0530 (India Standard Time)","14462.00","14509.00","14460.00","14499.00","13136.00"
"Tue Jul 21 2026 12:00:00 GMT+0530 (India Standard Time)","14500.00","14516.00","14482.00","14484.00","4978.00"
"Tue Jul 21 2026 13:00:00 GMT+0530 (India Standard Time)","14484.00","14510.00","14473.00","14476.00","3267.00"
"Tue Jul 21 2026 14:00:00 GMT+0530 (India Standard Time)","14478.00","14501.00","14476.00","14489.00","2799.00"
"Tue Jul 21 2026 15:00:00 GMT+0530 (India Standard Time)","14489.00","14505.00","14480.00","14497.00","3240.00"
"Tue Jul 21 2026 16:00:00 GMT+0530 (India Standard Time)","14497.00","14500.00","14475.00","14481.00","3367.00"
"Tue Jul 21 2026 17:00:00 GMT+0530 (India Standard Time)","14481.00","14496.00","14476.00","14494.00","2984.00"
"Tue Jul 21 2026 18:00:00 GMT+0530 (India Standard Time)","14494.00","14495.00","14465.00","14470.00","2990.00"
"Tue Jul 21 2026 19:00:00 GMT+0530 (India Standard Time)","14470.00","14490.00","14455.00","14490.00","4151.00"
"Tue Jul 21 2026 20:00:00 GMT+0530 (India Standard Time)","14490.00","14504.00","14480.00","14499.00","4185.00"
"Tue Jul 21 2026 21:00:00 GMT+0530 (India Standard Time)","14498.00","14510.00","14494.00","14499.00","4681.00"
"Tue Jul 21 2026 22:00:00 GMT+0530 (India Standard Time)","14499.00","14503.00","14490.00","14498.00","3465.00"
"Tue Jul 21 2026 23:00:00 GMT+0530 (India Standard Time)","14498.00","14506.00","14495.00","14505.00","3411.00"
"Wed Jul 22 2026 09:00:00 GMT+0530 (India Standard Time)","14550.00","14678.00","14550.00","14643.00","20097.00"
"Wed Jul 22 2026 10:00:00 GMT+0530 (India Standard Time)","14643.00","14653.00","14634.00","14646.00","4957.00"
"Wed Jul 22 2026 11:00:00 GMT+0530 (India Standard Time)","14647.00","14677.00","14643.00","14646.00","7303.00"
"Wed Jul 22 2026 12:00:00 GMT+0530 (India Standard Time)","14647.00","14655.00","14627.00","14649.00","5973.00"
"Wed Jul 22 2026 13:00:00 GMT+0530 (India Standard Time)","14650.00","14656.00","14622.00","14645.00","4094.00"
"Wed Jul 22 2026 14:00:00 GMT+0530 (India Standard Time)","14645.00","14650.00","14635.00","14644.00","1615.00"
"Wed Jul 22 2026 15:00:00 GMT+0530 (India Standard Time)","14644.00","14650.00","14631.00","14641.00","3545.00"
"Wed Jul 22 2026 16:00:00 GMT+0530 (India Standard Time)","14641.00","14660.00","14637.00","14650.00","4149.00"
"Wed Jul 22 2026 17:00:00 GMT+0530 (India Standard Time)","14652.00","14670.00","14639.00","14669.00","3314.00"
"Wed Jul 22 2026 18:00:00 GMT+0530 (India Standard Time)","14669.00","14685.00","14640.00","14674.00","5786.00"
"Wed Jul 22 2026 19:00:00 GMT+0530 (India Standard Time)","14674.00","14748.00","14674.00","14720.00","19479.00"
"Wed Jul 22 2026 20:00:00 GMT+0530 (India Standard Time)","14720.00","14742.00","14717.00","14735.00","5296.00"
"Wed Jul 22 2026 21:00:00 GMT+0530 (India Standard Time)","14734.00","14755.00","14722.00","14726.00","5906.00"
"Wed Jul 22 2026 22:00:00 GMT+0530 (India Standard Time)","14726.00","14735.00","14718.00","14735.00","3553.00"
"Wed Jul 22 2026 23:00:00 GMT+0530 (India Standard Time)","14736.00","14765.00","14725.00","14760.00","4328.00"
"Thu Jul 23 2026 09:00:00 GMT+0530 (India Standard Time)","14734.00","14735.00","14663.00","14689.00","8505.00"
"Thu Jul 23 2026 10:00:00 GMT+0530 (India Standard Time)","14689.00","14690.00","14655.00","14673.00","5569.00"
"Thu Jul 23 2026 11:00:00 GMT+0530 (India Standard Time)","14673.00","14685.00","14664.00","14667.00","3253.00"
"Thu Jul 23 2026 12:00:00 GMT+0530 (India Standard Time)","14667.00","14670.00","14632.00","14645.00","5491.00"
"Thu Jul 23 2026 13:00:00 GMT+0530 (India Standard Time)","14645.00","14645.00","14595.00","14601.00","9897.00"
"Thu Jul 23 2026 14:00:00 GMT+0530 (India Standard Time)","14601.00","14640.00","14592.00","14604.00","7218.00"
"Thu Jul 23 2026 15:00:00 GMT+0530 (India Standard Time)","14604.00","14620.00","14595.00","14610.00","4092.00"
"Thu Jul 23 2026 16:00:00 GMT+0530 (India Standard Time)","14610.00","14620.00","14586.00","14594.00","4195.00"
"Thu Jul 23 2026 17:00:00 GMT+0530 (India Standard Time)","14592.00","14593.00","14556.00","14567.00","8300.00"
"Thu Jul 23 2026 18:00:00 GMT+0530 (India Standard Time)","14561.00","14561.00","14457.00","14505.00","18997.00"
"Thu Jul 23 2026 19:00:00 GMT+0530 (India Standard Time)","14508.00","14525.00","14469.00","14499.00","8043.00"
"Thu Jul 23 2026 20:00:00 GMT+0530 (India Standard Time)","14499.00","14512.00","14477.00","14482.00","5317.00"
"Thu Jul 23 2026 21:00:00 GMT+0530 (India Standard Time)","14482.00","14503.00","14478.00","14499.00","5182.00"
"Thu Jul 23 2026 22:00:00 GMT+0530 (India Standard Time)","14499.00","14503.00","14485.00","14491.00","3428.00"
"Thu Jul 23 2026 23:00:00 GMT+0530 (India Standard Time)","14491.00","14493.00","14465.00","14474.00","7221.00"
"Fri Jul 24 2026 09:00:00 GMT+0530 (India Standard Time)","14479.00","14479.00","14363.00","14385.00","13017.00"
"Fri Jul 24 2026 10:00:00 GMT+0530 (India Standard Time)","14385.00","14400.00","14367.00","14381.00","5036.00"
"Fri Jul 24 2026 11:00:00 GMT+0530 (India Standard Time)","14381.00","14434.00","14370.00","14425.00","5357.00"
"Fri Jul 24 2026 12:00:00 GMT+0530 (India Standard Time)","14425.00","14484.00","14408.00","14477.00","10033.00"
"Fri Jul 24 2026 13:00:00 GMT+0530 (India Standard Time)","14477.00","14498.00","14453.00","14476.00","5515.00"
"Fri Jul 24 2026 14:00:00 GMT+0530 (India Standard Time)","14476.00","14514.00","14473.00","14503.00","12001.00"
"Fri Jul 24 2026 15:00:00 GMT+0530 (India Standard Time)","14503.00","14536.00","14500.00","14531.00","7646.00"
"Fri Jul 24 2026 16:00:00 GMT+0530 (India Standard Time)","14531.00","14546.00","14516.00","14526.00","5109.00"
"Fri Jul 24 2026 17:00:00 GMT+0530 (India Standard Time)","14526.00","14528.00","14465.00","14515.00","9900.00"
"Fri Jul 24 2026 18:00:00 GMT+0530 (India Standard Time)","14516.00","14517.00","14443.00","14455.00","8989.00"
"Fri Jul 24 2026 19:00:00 GMT+0530 (India Standard Time)","14455.00","14519.00","14445.00","14512.00","10736.00"
"Fri Jul 24 2026 20:00:00 GMT+0530 (India Standard Time)","14511.00","14535.00","14490.00","14526.00","6880.00"
"Fri Jul 24 2026 21:00:00 GMT+0530 (India Standard Time)","14526.00","14535.00","14502.00","14515.00","4198.00"
"Fri Jul 24 2026 22:00:00 GMT+0530 (India Standard Time)","14515.00","14515.00","14497.00","14504.00","3082.00"
"Fri Jul 24 2026 23:00:00 GMT+0530 (India Standard Time)","14504.00","14510.00","14491.00","14497.00","4360.00"
"Mon Jul 27 2026 09:00:00 GMT+0530 (India Standard Time)","14555.00","14581.00","14526.00","14562.00","13974.00"
"Mon Jul 27 2026 10:00:00 GMT+0530 (India Standard Time)","14565.00","14590.00","14564.00","14576.00","7272.00"
"Mon Jul 27 2026 11:00:00 GMT+0530 (India Standard Time)","14576.00","14592.00","14571.00","14588.00","3357.00"
"Mon Jul 27 2026 12:00:00 GMT+0530 (India Standard Time)","14588.00","14598.00","14577.00","14579.00","5728.00"
"Mon Jul 27 2026 13:00:00 GMT+0530 (India Standard Time)","14579.00","14580.00","14536.00","14550.00","7495.00"
"Mon Jul 27 2026 14:00:00 GMT+0530 (India Standard Time)","14550.00","14569.00","14540.00","14547.00","4280.00"
"Mon Jul 27 2026 15:00:00 GMT+0530 (India Standard Time)","14547.00","14568.00","14543.00","14563.00","5858.00"
"Mon Jul 27 2026 16:00:00 GMT+0530 (India Standard Time)","14563.00","14583.00","14563.00","14573.00","4571.00"
"Mon Jul 27 2026 17:00:00 GMT+0530 (India Standard Time)","14573.00","14574.00","14517.00","14539.00","10110.00"
"Mon Jul 27 2026 18:00:00 GMT+0530 (India Standard Time)","14539.00","14547.00","14517.00","14517.00","5942.00"
"Mon Jul 27 2026 19:00:00 GMT+0530 (India Standard Time)","14517.00","14541.00","14471.00","14473.00","14037.00"
"Mon Jul 27 2026 20:00:00 GMT+0530 (India Standard Time)","14473.00","14508.00","14457.00","14485.00","11849.00"
"Mon Jul 27 2026 21:00:00 GMT+0530 (India Standard Time)","14485.00","14518.00","14475.00","14514.00","13418.00"
"Mon Jul 27 2026 22:00:00 GMT+0530 (India Standard Time)","14514.00","14538.00","14495.00","14504.00","12889.00"
"Mon Jul 27 2026 23:00:00 GMT+0530 (India Standard Time)","14504.00","14509.00","14488.00","14498.00","4821.00"
"Tue Jul 28 2026 09:00:00 GMT+0530 (India Standard Time)","14475.00","14475.00","14375.00","14375.00","18426.00"
"Tue Jul 28 2026 10:00:00 GMT+0530 (India Standard Time)","14377.00","14389.00","14365.00","14378.00","9478.00"
"Tue Jul 28 2026 11:00:00 GMT+0530 (India Standard Time)","14378.00","14386.00","14350.00","14382.00","12780.00"
"Tue Jul 28 2026 12:00:00 GMT+0530 (India Standard Time)","14382.00","14406.00","14382.00","14398.00","6662.00"
"Tue Jul 28 2026 13:00:00 GMT+0530 (India Standard Time)","14398.00","14401.00","14379.00","14394.00","4743.00"
"Tue Jul 28 2026 14:00:00 GMT+0530 (India Standard Time)","14394.00","14394.00","14366.00","14368.00","4948.00"
"Tue Jul 28 2026 15:00:00 GMT+0530 (India Standard Time)","14368.00","14370.00","14321.00","14324.00","15371.00"
"Tue Jul 28 2026 16:00:00 GMT+0530 (India Standard Time)","14321.00","14347.00","14320.00","14344.00","7193.00"
"Tue Jul 28 2026 17:00:00 GMT+0530 (India Standard Time)","14344.00","14359.00","14330.00","14356.00","7253.00"
"Tue Jul 28 2026 18:00:00 GMT+0530 (India Standard Time)","14356.00","14369.00","14340.00","14346.00","6193.00"
"Tue Jul 28 2026 19:00:00 GMT+0530 (India Standard Time)","14346.00","14350.00","14311.00","14329.00","10578.00"
"Tue Jul 28 2026 20:00:00 GMT+0530 (India Standard Time)","14329.00","14360.00","14311.00","14351.00","12451.00"
"Tue Jul 28 2026 21:00:00 GMT+0530 (India Standard Time)","14352.00","14381.00","14342.00","14364.00","15073.00"
"Tue Jul 28 2026 22:00:00 GMT+0530 (India Standard Time)","14364.00","14369.00","14320.00","14330.00","25519.00"
"Tue Jul 28 2026 23:00:00 GMT+0530 (India Standard Time)","14330.00","14335.00","14304.00","14328.00","24272.00"
"Wed Jul 29 2026 09:00:00 GMT+0530 (India Standard Time)","14359.00","14375.00","14302.00","14312.00","22263.00"
"Wed Jul 29 2026 10:00:00 GMT+0530 (India Standard Time)","14312.00","14350.00","14310.00","14350.00","9112.00"
"Wed Jul 29 2026 11:00:00 GMT+0530 (India Standard Time)","14350.00","14374.00","14347.00","14368.00","9125.00"
"Wed Jul 29 2026 12:00:00 GMT+0530 (India Standard Time)","14368.00","14397.00","14366.00","14379.00","8675.00"
"Wed Jul 29 2026 13:00:00 GMT+0530 (India Standard Time)","14375.00","14386.00","14341.00","14343.00","10807.00"
"Wed Jul 29 2026 14:00:00 GMT+0530 (India Standard Time)","14343.00","14350.00","14335.00","14336.00","3607.00"
"Wed Jul 29 2026 15:00:00 GMT+0530 (India Standard Time)","14336.00","14341.00","14323.00","14332.00","10127.00"
"Wed Jul 29 2026 16:00:00 GMT+0530 (India Standard Time)","14332.00","14350.00","14322.00","14342.00","10783.00"
"Wed Jul 29 2026 17:00:00 GMT+0530 (India Standard Time)","14342.00","14345.00","14310.00","14311.00","6608.00"
"Wed Jul 29 2026 18:00:00 GMT+0530 (India Standard Time)","14310.00","14324.00","14280.00","14290.00","20737.00"
"Wed Jul 29 2026 19:00:00 GMT+0530 (India Standard Time)","14291.00","14295.00","14250.00","14264.00","19826.00"
"Wed Jul 29 2026 20:00:00 GMT+0530 (India Standard Time)","14261.00","14281.00","14245.00","14280.00","12518.00"
"Wed Jul 29 2026 21:00:00 GMT+0530 (India Standard Time)","14279.00","14285.00","14251.00","14273.00","14590.00"
"Wed Jul 29 2026 22:00:00 GMT+0530 (India Standard Time)","14273.00","14419.00","14269.00","14320.00","39840.00"
"Wed Jul 29 2026 23:00:00 GMT+0530 (India Standard Time)","14322.00","14365.00","14320.00","14349.00","14559.00"
"Thu Jul 30 2026 09:00:00 GMT+0530 (India Standard Time)","14337.00","14400.00","14337.00","14367.00","19666.00"
"Thu Jul 30 2026 10:00:00 GMT+0530 (India Standard Time)","14367.00","14380.00","14330.00","14350.00","8597.00"
"Thu Jul 30 2026 11:00:00 GMT+0530 (India Standard Time)","14350.00","14362.00","14310.00","14328.00","8593.00"
"Thu Jul 30 2026 12:00:00 GMT+0530 (India Standard Time)","14328.00","14370.00","14328.00","14358.00","6515.00"
"Thu Jul 30 2026 13:00:00 GMT+0530 (India Standard Time)","14358.00","14398.00","14336.00","14390.00","8053.00"
"Thu Jul 30 2026 14:00:00 GMT+0530 (India Standard Time)","14393.00","14416.00","14381.00","14404.00","10481.00"
"Thu Jul 30 2026 15:00:00 GMT+0530 (India Standard Time)","14401.00","14438.00","14390.00","14429.00","15769.00"
"Thu Jul 30 2026 16:00:00 GMT+0530 (India Standard Time)","14430.00","14447.00","14406.00","14412.00","11739.00"
"Thu Jul 30 2026 17:00:00 GMT+0530 (India Standard Time)","14412.00","14434.00","14409.00","14419.00","11934.00"
"Thu Jul 30 2026 18:00:00 GMT+0530 (India Standard Time)","14419.00","14450.00","14386.00","14425.00","19299.00"
"Thu Jul 30 2026 19:00:00 GMT+0530 (India Standard Time)","14425.00","14473.00","14417.00","14440.00","28500.00"
"Thu Jul 30 2026 20:00:00 GMT+0530 (India Standard Time)","14440.00","14460.00","14418.00","14443.00","11849.00"
"Thu Jul 30 2026 21:00:00 GMT+0530 (India Standard Time)","14443.00","14470.00","14437.00","14469.00","15565.00"
"Thu Jul 30 2026 22:00:00 GMT+0530 (India Standard Time)","14469.00","14475.00","14450.00","14459.00","17091.00"
"Thu Jul 30 2026 23:00:00 GMT+0530 (India Standard Time)","14459.00","14488.00","14458.00","14477.00","16113.00"
"Fri Jul 31 2026 09:00:00 GMT+0530 (India Standard Time)","14440.00","14440.00","14387.00","14426.00","14477.00"
"Fri Jul 31 2026 10:00:00 GMT+0530 (India Standard Time)","14426.00","14440.00","14408.00","14431.00","7245.00"
"Fri Jul 31 2026 11:00:00 GMT+0530 (India Standard Time)","14431.00","14439.00","14410.00","14430.00","4803.00"
"Fri Jul 31 2026 12:00:00 GMT+0530 (India Standard Time)","14430.00","14436.00","14406.00","14406.00","3712.00"
"Fri Jul 31 2026 13:00:00 GMT+0530 (India Standard Time)","14406.00","14414.00","14380.00","14382.00","10901.00"
"Fri Jul 31 2026 14:00:00 GMT+0530 (India Standard Time)","14382.00","14392.00","14373.00","14374.00","9248.00"
"Fri Jul 31 2026 15:00:00 GMT+0530 (India Standard Time)","14374.00","14388.00","14365.00","14375.00","9728.00"
"Fri Jul 31 2026 16:00:00 GMT+0530 (India Standard Time)","14375.00","14392.00","14370.00","14381.00","5183.00"
"Fri Jul 31 2026 17:00:00 GMT+0530 (India Standard Time)","14381.00","14393.00","14367.00","14374.00","8644.00"
"Fri Jul 31 2026 18:00:00 GMT+0530 (India Standard Time)","14373.00","14376.00","14342.00","14366.00","16667.00"
"Fri Jul 31 2026 19:00:00 GMT+0530 (India Standard Time)","14366.00","14366.00","14330.00","14357.00","14946.00"
"Fri Jul 31 2026 20:00:00 GMT+0530 (India Standard Time)","14357.00","14382.00","14354.00","14358.00","8420.00"
"Fri Jul 31 2026 21:00:00 GMT+0530 (India Standard Time)","14358.00","14369.00","14350.00","14363.00","5571.00"
"Fri Jul 31 2026 22:00:00 GMT+0530 (India Standard Time)","14363.00","14375.00","14341.00","14360.00","9591.00"
"Fri Jul 31 2026 23:00:00 GMT+0530 (India Standard Time)","14360.00","14370.00","14342.00","14369.00","6414.00"
"Mon Aug 03 2026 09:00:00 GMT+0530 (India Standard Time)","14379.00","14418.00","14375.00","14400.00","16381.00"
"Mon Aug 03 2026 10:00:00 GMT+0530 (India Standard Time)","14400.00","14416.00","14381.00","14397.00","6480.00"
"Mon Aug 03 2026 11:00:00 GMT+0530 (India Standard Time)","14397.00","14412.00","14385.00","14409.00","4769.00"
"Mon Aug 03 2026 12:00:00 GMT+0530 (India Standard Time)","14409.00","14412.00","14381.00","14396.00","4588.00"
"Mon Aug 03 2026 13:00:00 GMT+0530 (India Standard Time)","14396.00","14403.00","14384.00","14386.00","2630.00"
"Mon Aug 03 2026 14:00:00 GMT+0530 (India Standard Time)","14386.00","14401.00","14382.00","14385.00","3294.00"
"Mon Aug 03 2026 15:00:00 GMT+0530 (India Standard Time)","14385.00","14396.00","14370.00","14389.00","7305.00"
"Mon Aug 03 2026 16:00:00 GMT+0530 (India Standard Time)","14389.00","14390.00","14372.00","14377.00","5830.00"
"Mon Aug 03 2026 17:00:00 GMT+0530 (India Standard Time)","14377.00","14401.00","14375.00","14381.00","7197.00"
"Mon Aug 03 2026 18:00:00 GMT+0530 (India Standard Time)","14381.00","14384.00","14322.00","14329.00","20891.00"
"Mon Aug 03 2026 19:00:00 GMT+0530 (India Standard Time)","14329.00","14336.00","14300.00","14327.00","15814.00"
"Mon Aug 03 2026 20:00:00 GMT+0530 (India Standard Time)","14326.00","14339.00","14315.00","14326.00","7673.00"
"Mon Aug 03 2026 21:00:00 GMT+0530 (India Standard Time)","14326.00","14340.00","14321.00","14333.00","4358.00"
"Mon Aug 03 2026 22:00:00 GMT+0530 (India Standard Time)","14333.00","14336.00","14319.00","14331.00","6730.00"
"Mon Aug 03 2026 23:00:00 GMT+0530 (India Standard Time)","14331.00","14333.00","14308.00","14327.00","5792.00"
"Tue Aug 04 2026 09:00:00 GMT+0530 (India Standard Time)","14379.00","14425.00","14346.00","14370.00","12929.00"
"Tue Aug 04 2026 10:00:00 GMT+0530 (India Standard Time)","14370.00","14388.00","14359.00","14378.00","8663.00"
"Tue Aug 04 2026 11:00:00 GMT+0530 (India Standard Time)","14378.00","14390.00","14370.00","14378.00","5672.00"
"Tue Aug 04 2026 12:00:00 GMT+0530 (India Standard Time)","14378.00","14388.00","14371.00","14380.00","3811.00"
"Tue Aug 04 2026 13:00:00 GMT+0530 (India Standard Time)","14380.00","14400.00","14380.00","14386.00","5393.00"
"Tue Aug 04 2026 14:00:00 GMT+0530 (India Standard Time)","14386.00","14389.00","14350.00","14360.00","6428.00"
"Tue Aug 04 2026 15:00:00 GMT+0530 (India Standard Time)","14360.00","14370.00","14351.00","14355.00","6138.00"
"Tue Aug 04 2026 16:00:00 GMT+0530 (India Standard Time)","14355.00","14393.00","14352.00","14389.00","8910.00"
"Tue Aug 04 2026 17:00:00 GMT+0530 (India Standard Time)","14389.00","14430.00","14386.00","14405.00","16008.00"
"Tue Aug 04 2026 18:00:00 GMT+0530 (India Standard Time)","14404.00","14440.00","14393.00","14421.00","19741.00"
"Tue Aug 04 2026 19:00:00 GMT+0530 (India Standard Time)","14423.00","14440.00","14416.00","14423.00","12163.00"
"Tue Aug 04 2026 20:00:00 GMT+0530 (India Standard Time)","14423.00","14430.00","14407.00","14413.00","7726.00"
"Tue Aug 04 2026 21:00:00 GMT+0530 (India Standard Time)","14413.00","14429.00","14408.00","14427.00","4483.00"
"Tue Aug 04 2026 22:00:00 GMT+0530 (India Standard Time)","14427.00","14445.00","14417.00","14434.00","8994.00"
"Tue Aug 04 2026 23:00:00 GMT+0530 (India Standard Time)","14434.00","14435.00","14416.00","14418.00","7842.00"
"Wed Aug 05 2026 09:00:00 GMT+0530 (India Standard Time)","14448.00","14525.00","14448.00","14510.00","19720.00"
"Wed Aug 05 2026 10:00:00 GMT+0530 (India Standard Time)","14512.00","14524.00","14505.00","14520.00","8365.00"
"Wed Aug 05 2026 11:00:00 GMT+0530 (India Standard Time)","14520.00","14599.00","14520.00","14597.00","25526.00"
"Wed Aug 05 2026 12:00:00 GMT+0530 (India Standard Time)","14597.00","14623.00","14584.00","14584.00","15682.00"
"Wed Aug 05 2026 13:00:00 GMT+0530 (India Standard Time)","14584.00","14605.00","14580.00","14584.00","6079.00"
"Wed Aug 05 2026 14:00:00 GMT+0530 (India Standard Time)","14584.00","14597.00","14572.00","14578.00","5840.00"
"Wed Aug 05 2026 15:00:00 GMT+0530 (India Standard Time)","14575.00","14589.00","14550.00","14571.00","11233.00"
"Wed Aug 05 2026 16:00:00 GMT+0530 (India Standard Time)","14571.00","14618.00","14567.00","14612.00","9803.00"
"Wed Aug 05 2026 17:00:00 GMT+0530 (India Standard Time)","14612.00","14692.00","14609.00","14665.00","27690.00"
"Wed Aug 05 2026 18:00:00 GMT+0530 (India Standard Time)","14665.00","14676.00","14630.00","14663.00","22340.00"
"Wed Aug 05 2026 19:00:00 GMT+0530 (India Standard Time)","14663.00","14754.00","14643.00","14743.00","37510.00"
"Wed Aug 05 2026 20:00:00 GMT+0530 (India Standard Time)","14743.00","14803.00","14722.00","14781.00","30285.00"
"Wed Aug 05 2026 21:00:00 GMT+0530 (India Standard Time)","14780.00","14786.00","14715.00","14759.00","24281.00"
"Wed Aug 05 2026 22:00:00 GMT+0530 (India Standard Time)","14759.00","14775.00","14745.00","14764.00","10851.00"
"Wed Aug 05 2026 23:00:00 GMT+0530 (India Standard Time)","14762.00","14780.00","14755.00","14766.00","8913.00"
"Thu Aug 06 2026 09:00:00 GMT+0530 (India Standard Time)","14800.00","14880.00","14765.00","14850.00","34400.00"
"Thu Aug 06 2026 10:00:00 GMT+0530 (India Standard Time)","14852.00","14898.00","14852.00","14857.00","17350.00"
"Thu Aug 06 2026 11:00:00 GMT+0530 (India Standard Time)","14855.00","14900.00","14826.00","14867.00","17762.00"
"Thu Aug 06 2026 12:00:00 GMT+0530 (India Standard Time)","14867.00","14880.00","14837.00","14876.00","6899.00"
"Thu Aug 06 2026 13:00:00 GMT+0530 (India Standard Time)","14876.00","14890.00","14850.00","14883.00","5216.00"
"Thu Aug 06 2026 14:00:00 GMT+0530 (India Standard Time)","14883.00","14932.00","14873.00","14926.00","12954.00"
"Thu Aug 06 2026 15:00:00 GMT+0530 (India Standard Time)","14926.00","14928.00","14885.00","14905.00","10451.00"
"Thu Aug 06 2026 16:00:00 GMT+0530 (India Standard Time)","14905.00","14919.00","14880.00","14900.00","14803.00"
"Thu Aug 06 2026 17:00:00 GMT+0530 (India Standard Time)","14900.00","14906.00","14849.00","14868.00","17738.00"
"Thu Aug 06 2026 18:00:00 GMT+0530 (India Standard Time)","14868.00","14896.00","14750.00","14806.00","34817.00"
"Thu Aug 06 2026 19:00:00 GMT+0530 (India Standard Time)","14807.00","14885.00","14803.00","14863.00","25411.00"
"Thu Aug 06 2026 20:00:00 GMT+0530 (India Standard Time)","14863.00","14885.00","14831.00","14844.00","14436.00"
"Thu Aug 06 2026 21:00:00 GMT+0530 (India Standard Time)","14844.00","14846.00","14771.00","14798.00","24601.00"
"Thu Aug 06 2026 22:00:00 GMT+0530 (India Standard Time)","14798.00","14827.00","14791.00","14808.00","13118.00"
"Thu Aug 06 2026 23:00:00 GMT+0530 (India Standard Time)","14808.00","14840.00","14803.00","14836.00","10269.00"
"Fri Aug 07 2026 09:00:00 GMT+0530 (India Standard Time)","14831.00","14915.00","14831.00","14905.00","16987.00"
"Fri Aug 07 2026 10:00:00 GMT+0530 (India Standard Time)","14905.00","14913.00","14887.00","14905.00","8280.00"
"Fri Aug 07 2026 11:00:00 GMT+0530 (India Standard Time)","14905.00","14980.00","14903.00","14950.00","22161.00"
"Fri Aug 07 2026 12:00:00 GMT+0530 (India Standard Time)","14948.00","14996.00","14942.00","14964.00","16632.00"
"Fri Aug 07 2026 13:00:00 GMT+0530 (India Standard Time)","14964.00","15014.00","14960.00","15000.00","14031.00"
"Fri Aug 07 2026 14:00:00 GMT+0530 (India Standard Time)","15000.00","15042.00","14998.00","15027.00","14533.00"
"Fri Aug 07 2026 15:00:00 GMT+0530 (India Standard Time)","15027.00","15063.00","15016.00","15042.00","18859.00"
"Fri Aug 07 2026 16:00:00 GMT+0530 (India Standard Time)","15042.00","15056.00","15030.00","15054.00","10512.00"
"Fri Aug 07 2026 17:00:00 GMT+0530 (India Standard Time)","15054.00","15059.00","15000.00","15010.00","15188.00"
"Fri Aug 07 2026 18:00:00 GMT+0530 (India Standard Time)","15010.00","15180.00","15010.00","15155.00","57097.00"
"Fri Aug 07 2026 19:00:00 GMT+0530 (India Standard Time)","15154.00","15158.00","15085.00","15120.00","27098.00"
"Fri Aug 07 2026 20:00:00 GMT+0530 (India Standard Time)","15120.00","15150.00","15105.00","15130.00","11617.00"
"Fri Aug 07 2026 21:00:00 GMT+0530 (India Standard Time)","15132.00","15139.00","15105.00","15116.00","9861.00"
"Fri Aug 07 2026 22:00:00 GMT+0530 (India Standard Time)","15116.00","15121.00","15088.00","15117.00","14419.00"
"Fri Aug 07 2026 23:00:00 GMT+0530 (India Standard Time)","15117.00","15140.00","15101.00","15130.00","9937.00"
"Mon Aug 10 2026 09:00:00 GMT+0530 (India Standard Time)","15076.00","15208.00","15050.00","15194.00","30393.00"
"Mon Aug 10 2026 10:00:00 GMT+0530 (India Standard Time)","15194.00","15205.00","15171.00","15181.00","10625.00"
"Mon Aug 10 2026 11:00:00 GMT+0530 (India Standard Time)","15185.00","15250.00","15179.00","15236.00","16491.00"
"Mon Aug 10 2026 12:00:00 GMT+0530 (India Standard Time)","15236.00","15267.00","15232.00","15255.00","10313.00"
"Mon Aug 10 2026 13:00:00 GMT+0530 (India Standard Time)","15255.00","15263.00","15225.00","15246.00","7145.00"
"Mon Aug 10 2026 14:00:00 GMT+0530 (India Standard Time)","15245.00","15249.00","15191.00","15220.00","12187.00"
"Mon Aug 10 2026 15:00:00 GMT+0530 (India Standard Time)","15220.00","15220.00","15184.00","15213.00","14628.00"
"Mon Aug 10 2026 16:00:00 GMT+0530 (India Standard Time)","15213.00","15218.00","15145.00","15183.00","21219.00"
"Mon Aug 10 2026 17:00:00 GMT+0530 (India Standard Time)","15183.00","15200.00","15153.00","15169.00","12281.00"
"Mon Aug 10 2026 18:00:00 GMT+0530 (India Standard Time)","15168.00","15200.00","15165.00","15191.00","12288.00"
"Mon Aug 10 2026 19:00:00 GMT+0530 (India Standard Time)","15197.00","15225.00","15137.00","15217.00","28345.00"
"Mon Aug 10 2026 20:00:00 GMT+0530 (India Standard Time)","15213.00","15231.00","15208.00","15216.00","15858.00"
"Mon Aug 10 2026 21:00:00 GMT+0530 (India Standard Time)","15216.00","15262.00","15211.00","15250.00","19874.00"
"Mon Aug 10 2026 22:00:00 GMT+0530 (India Standard Time)","15250.00","15255.00","15211.00","15242.00","14138.00"
"Mon Aug 10 2026 23:00:00 GMT+0530 (India Standard Time)","15242.00","15250.00","15222.00","15247.00","8372.00"
"Tue Aug 11 2026 09:00:00 GMT+0530 (India Standard Time)","15298.00","15489.00","15298.00","15430.00","34013.00"
"Tue Aug 11 2026 10:00:00 GMT+0530 (India Standard Time)","15430.00","15441.00","15335.00","15338.00","25720.00"
"Tue Aug 11 2026 11:00:00 GMT+0530 (India Standard Time)","15337.00","15355.00","15283.00","15292.00","31996.00"
"Tue Aug 11 2026 12:00:00 GMT+0530 (India Standard Time)","15293.00","15313.00","15270.00","15299.00","17234.00"
"Tue Aug 11 2026 13:00:00 GMT+0530 (India Standard Time)","15299.00","15316.00","15276.00","15315.00","11980.00"
"Tue Aug 11 2026 14:00:00 GMT+0530 (India Standard Time)","15314.00","15345.00","15313.00","15335.00","11744.00"
"Tue Aug 11 2026 15:00:00 GMT+0530 (India Standard Time)","15335.00","15371.00","15322.00","15362.00","10856.00"
"Tue Aug 11 2026 16:00:00 GMT+0530 (India Standard Time)","15361.00","15391.00","15350.00","15375.00","13975.00"
"Tue Aug 11 2026 17:00:00 GMT+0530 (India Standard Time)","15375.00","15399.00","15355.00","15377.00","14429.00"
"Tue Aug 11 2026 18:00:00 GMT+0530 (India Standard Time)","15377.00","15388.00","15361.00","15381.00","8238.00"
"Tue Aug 11 2026 19:00:00 GMT+0530 (India Standard Time)","15381.00","15393.00","15345.00","15355.00","18676.00"
"Tue Aug 11 2026 20:00:00 GMT+0530 (India Standard Time)","15355.00","15380.00","15350.00","15357.00","9420.00"
"Tue Aug 11 2026 21:00:00 GMT+0530 (India Standard Time)","15358.00","15358.00","15300.00","15340.00","18458.00"
"Tue Aug 11 2026 22:00:00 GMT+0530 (India Standard Time)","15336.00","15344.00","15321.00","15326.00","8160.00"
"Tue Aug 11 2026 23:00:00 GMT+0530 (India Standard Time)","15326.00","15330.00","15310.00","15314.00","7495.00"
"Wed Aug 12 2026 09:00:00 GMT+0530 (India Standard Time)","15398.00","15420.00","15368.00","15392.00","18743.00"
"Wed Aug 12 2026 10:00:00 GMT+0530 (India Standard Time)","15392.00","15419.00","15380.00","15384.00","12526.00"
"Wed Aug 12 2026 11:00:00 GMT+0530 (India Standard Time)","15384.00","15396.00","15370.00","15382.00","6958.00"
"Wed Aug 12 2026 12:00:00 GMT+0530 (India Standard Time)","15382.00","15415.00","15376.00","15410.00","7208.00"
"Wed Aug 12 2026 13:00:00 GMT+0530 (India Standard Time)","15410.00","15430.00","15402.00","15417.00","8097.00"
"Wed Aug 12 2026 14:00:00 GMT+0530 (India Standard Time)","15418.00","15446.00","15396.00","15430.00","10684.00"
"Wed Aug 12 2026 15:00:00 GMT+0530 (India Standard Time)","15430.00","15450.00","15422.00","15442.00","10283.00"
"Wed Aug 12 2026 16:00:00 GMT+0530 (India Standard Time)","15442.00","15449.00","15421.00","15443.00","10798.00"
"Wed Aug 12 2026 17:00:00 GMT+0530 (India Standard Time)","15445.00","15466.00","15415.00","15466.00","11452.00"
"Wed Aug 12 2026 18:00:00 GMT+0530 (India Standard Time)","15469.00","15501.00","15364.00","15451.00","55275.00"
"Wed Aug 12 2026 19:00:00 GMT+0530 (India Standard Time)","15451.00","15499.00","15430.00","15480.00","21014.00"
"Wed Aug 12 2026 20:00:00 GMT+0530 (India Standard Time)","15480.00","15494.00","15460.00","15474.00","13534.00"
"Wed Aug 12 2026 21:00:00 GMT+0530 (India Standard Time)","15474.00","15482.00","15454.00","15472.00","11228.00"
"Wed Aug 12 2026 22:00:00 GMT+0530 (India Standard Time)","15472.00","15475.00","15425.00","15454.00","15419.00"
"Wed Aug 12 2026 23:00:00 GMT+0530 (India Standard Time)","15454.00","15458.00","15430.00","15430.00","8709.00"
"Thu Aug 13 2026 09:00:00 GMT+0530 (India Standard Time)","15445.00","15464.00","15356.00","15384.00","27146.00"
"Thu Aug 13 2026 10:00:00 GMT+0530 (India Standard Time)","15383.00","15423.00","15363.00","15420.00","9640.00"
"Thu Aug 13 2026 11:00:00 GMT+0530 (India Standard Time)","15422.00","15422.00","15320.00","15332.00","21166.00"
"Thu Aug 13 2026 12:00:00 GMT+0530 (India Standard Time)","15332.00","15350.00","15308.00","15317.00","11168.00"
"Thu Aug 13 2026 13:00:00 GMT+0530 (India Standard Time)","15317.00","15336.00","15288.00","15313.00","13168.00"
"Thu Aug 13 2026 14:00:00 GMT+0530 (India Standard Time)","15313.00","15345.00","15311.00","15342.00","6598.00"
"Thu Aug 13 2026 15:00:00 GMT+0530 (India Standard Time)","15342.00","15382.00","15340.00","15375.00","16381.00"
"Thu Aug 13 2026 16:00:00 GMT+0530 (India Standard Time)","15377.00","15415.00","15368.00","15373.00","16630.00"
"Thu Aug 13 2026 17:00:00 GMT+0530 (India Standard Time)","15373.00","15387.00","15348.00","15376.00","12985.00"
"Thu Aug 13 2026 18:00:00 GMT+0530 (India Standard Time)","15376.00","15399.00","15355.00","15369.00","14553.00"
"Thu Aug 13 2026 19:00:00 GMT+0530 (India Standard Time)","15369.00","15379.00","15326.00","15330.00","20904.00"
"Thu Aug 13 2026 20:00:00 GMT+0530 (India Standard Time)","15327.00","15360.00","15306.00","15326.00","15749.00"
"Thu Aug 13 2026 21:00:00 GMT+0530 (India Standard Time)","15326.00","15340.00","15296.00","15313.00","17320.00"
"Thu Aug 13 2026 22:00:00 GMT+0530 (India Standard Time)","15313.00","15345.00","15309.00","15317.00","10386.00"
"Thu Aug 13 2026 23:00:00 GMT+0530 (India Standard Time)","15317.00","15323.00","15302.00","15307.00","8368.00"
"Fri Aug 14 2026 09:00:00 GMT+0530 (India Standard Time)","15273.00","15273.00","15181.00","15201.00","25413.00"
"Fri Aug 14 2026 10:00:00 GMT+0530 (India Standard Time)","15201.00","15211.00","15163.00","15175.00","12246.00"
"Fri Aug 14 2026 11:00:00 GMT+0530 (India Standard Time)","15169.00","15230.00","15157.00","15217.00","12405.00"
"Fri Aug 14 2026 12:00:00 GMT+0530 (India Standard Time)","15217.00","15236.00","15209.00","15225.00","5099.00"
"Fri Aug 14 2026 13:00:00 GMT+0530 (India Standard Time)","15222.00","15282.00","15220.00","15262.00","12960.00"
"Fri Aug 14 2026 14:00:00 GMT+0530 (India Standard Time)","15262.00","15298.00","15257.00","15285.00","9289.00"
"Fri Aug 14 2026 15:00:00 GMT+0530 (India Standard Time)","15285.00","15328.00","15271.00","15280.00","16241.00"
"Fri Aug 14 2026 16:00:00 GMT+0530 (India Standard Time)","15281.00","15310.00","15265.00","15303.00","9061.00"
"Fri Aug 14 2026 17:00:00 GMT+0530 (India Standard Time)","15303.00","15363.00","15303.00","15360.00","18866.00"
"Fri Aug 14 2026 18:00:00 GMT+0530 (India Standard Time)","15363.00","15380.00","15341.00","15375.00","15909.00"
"Fri Aug 14 2026 19:00:00 GMT+0530 (India Standard Time)","15375.00","15418.00","15372.00","15405.00","19689.00"
"Fri Aug 14 2026 20:00:00 GMT+0530 (India Standard Time)","15405.00","15409.00","15375.00","15395.00","11951.00"
"Fri Aug 14 2026 21:00:00 GMT+0530 (India Standard Time)","15395.00","15425.00","15390.00","15397.00","12180.00"
"Fri Aug 14 2026 22:00:00 GMT+0530 (India Standard Time)","15397.00","15405.00","15387.00","15396.00","6958.00"
"Fri Aug 14 2026 23:00:00 GMT+0530 (India Standard Time)","15396.00","15404.00","15390.00","15395.00","9645.00"
"Mon Aug 17 2026 09:00:00 GMT+0530 (India Standard Time)","15408.00","15480.00","15408.00","15455.00","18195.00"
"Mon Aug 17 2026 10:00:00 GMT+0530 (India Standard Time)","15455.00","15473.00","15441.00","15466.00","9825.00"
"Mon Aug 17 2026 11:00:00 GMT+0530 (India Standard Time)","15466.00","15472.00","15450.00","15463.00","4753.00"
"Mon Aug 17 2026 12:00:00 GMT+0530 (India Standard Time)","15463.00","15480.00","15452.00","15480.00","7283.00"
"Mon Aug 17 2026 13:00:00 GMT+0530 (India Standard Time)","15480.00","15499.00","15471.00","15481.00","8903.00"
"Mon Aug 17 2026 14:00:00 GMT+0530 (India Standard Time)","15481.00","15481.00","15451.00","15463.00","5709.00"
"Mon Aug 17 2026 15:00:00 GMT+0530 (India Standard Time)","15463.00","15490.00","15456.00","15490.00","8149.00"
"Mon Aug 17 2026 16:00:00 GMT+0530 (India Standard Time)","15489.00","15493.00","15470.00","15484.00","4136.00"
"Mon Aug 17 2026 17:00:00 GMT+0530 (India Standard Time)","15484.00","15485.00","15442.00","15446.00","9097.00"
"Mon Aug 17 2026 18:00:00 GMT+0530 (India Standard Time)","15447.00","15453.00","15406.00","15439.00","17247.00"
"Mon Aug 17 2026 19:00:00 GMT+0530 (India Standard Time)","15439.00","15535.00","15430.00","15509.00","28893.00"
"Mon Aug 17 2026 20:00:00 GMT+0530 (India Standard Time)","15509.00","15531.00","15507.00","15531.00","10540.00"
"Mon Aug 17 2026 21:00:00 GMT+0530 (India Standard Time)","15531.00","15535.00","15511.00","15525.00","9189.00"
"Mon Aug 17 2026 22:00:00 GMT+0530 (India Standard Time)","15525.00","15534.00","15512.00","15520.00","16815.00"
"Mon Aug 17 2026 23:00:00 GMT+0530 (India Standard Time)","15520.00","15528.00","15513.00","15525.00","6805.00"
"Tue Aug 18 2026 09:00:00 GMT+0530 (India Standard Time)","15488.00","15493.00","15430.00","15453.00","20554.00"
"Tue Aug 18 2026 10:00:00 GMT+0530 (India Standard Time)","15453.00","15477.00","15442.00","15466.00","6342.00"
"Tue Aug 18 2026 11:00:00 GMT+0530 (India Standard Time)","15460.00","15490.00","15446.00","15489.00","6714.00"
"Tue Aug 18 2026 12:00:00 GMT+0530 (India Standard Time)","15489.00","15502.00","15477.00","15499.00","5686.00"
"Tue Aug 18 2026 13:00:00 GMT+0530 (India Standard Time)","15499.00","15505.00","15451.00","15455.00","9615.00"
"Tue Aug 18 2026 14:00:00 GMT+0530 (India Standard Time)","15455.00","15480.00","15455.00","15459.00","4455.00"
"Tue Aug 18 2026 15:00:00 GMT+0530 (India Standard Time)","15459.00","15479.00","15451.00","15467.00","6055.00"
"Tue Aug 18 2026 16:00:00 GMT+0530 (India Standard Time)","15467.00","15484.00","15463.00","15463.00","4176.00"
"Tue Aug 18 2026 17:00:00 GMT+0530 (India Standard Time)","15463.00","15485.00","15459.00","15473.00","5249.00"
"Tue Aug 18 2026 18:00:00 GMT+0530 (India Standard Time)","15472.00","15480.00","15464.00","15470.00","5188.00"
"Tue Aug 18 2026 19:00:00 GMT+0530 (India Standard Time)","15470.00","15498.00","15450.00","15477.00","19171.00"
"Tue Aug 18 2026 20:00:00 GMT+0530 (India Standard Time)","15477.00","15485.00","15372.00","15381.00","48870.00"
"Tue Aug 18 2026 21:00:00 GMT+0530 (India Standard Time)","15380.00","15415.00","15380.00","15392.00","13575.00"
"Tue Aug 18 2026 22:00:00 GMT+0530 (India Standard Time)","15392.00","15406.00","15390.00","15397.00","4768.00"
"Tue Aug 18 2026 23:00:00 GMT+0530 (India Standard Time)","15397.00","15404.00","15365.00","15380.00","8707.00"
"Wed Aug 19 2026 09:00:00 GMT+0530 (India Standard Time)","15373.00","15386.00","15324.00","15327.00","14103.00"
"Wed Aug 19 2026 10:00:00 GMT+0530 (India Standard Time)","15328.00","15332.00","15280.00","15320.00","13582.00"
"Wed Aug 19 2026 11:00:00 GMT+0530 (India Standard Time)","15320.00","15326.00","15288.00","15312.00","7406.00"
"Wed Aug 19 2026 12:00:00 GMT+0530 (India Standard Time)","15312.00","15363.00","15301.00","15360.00","9269.00"
"Wed Aug 19 2026 13:00:00 GMT+0530 (India Standard Time)","15363.00","15389.00","15350.00","15379.00","10189.00"
"Wed Aug 19 2026 14:00:00 GMT+0530 (India Standard Time)","15379.00","15391.00","15352.00","15358.00","6848.00"
"Wed Aug 19 2026 15:00:00 GMT+0530 (India Standard Time)","15358.00","15414.00","15358.00","15414.00","9512.00"
"Wed Aug 19 2026 16:00:00 GMT+0530 (India Standard Time)","15414.00","15425.00","15395.00","15423.00","12123.00"
"Wed Aug 19 2026 17:00:00 GMT+0530 (India Standard Time)","15422.00","15423.00","15400.00","15418.00","7364.00"
"Wed Aug 19 2026 18:00:00 GMT+0530 (India Standard Time)","15418.00","15642.00","15414.00","15620.00","67307.00"
"Wed Aug 19 2026 19:00:00 GMT+0530 (India Standard Time)","15620.00","15711.00","15603.00","15707.00","40289.00"
"Wed Aug 19 2026 20:00:00 GMT+0530 (India Standard Time)","15707.00","15739.00","15681.00","15692.00","28142.00"
"Wed Aug 19 2026 21:00:00 GMT+0530 (India Standard Time)","15692.00","15730.00","15682.00","15708.00","13993.00"
"Wed Aug 19 2026 22:00:00 GMT+0530 (India Standard Time)","15708.00","15722.00","15700.00","15708.00","9302.00"
"Wed Aug 19 2026 23:00:00 GMT+0530 (India Standard Time)","15706.00","15730.00","15695.00","15708.00","8497.00"
"Thu Aug 20 2026 09:00:00 GMT+0530 (India Standard Time)","15725.00","15815.00","15695.00","15751.00","25066.00"
"Thu Aug 20 2026 10:00:00 GMT+0530 (India Standard Time)","15750.00","15773.00","15730.00","15743.00","12921.00"
"Thu Aug 20 2026 11:00:00 GMT+0530 (India Standard Time)","15743.00","15780.00","15702.00","15770.00","16232.00"
"Thu Aug 20 2026 12:00:00 GMT+0530 (India Standard Time)","15767.00","15772.00","15728.00","15731.00","5349.00"
"Thu Aug 20 2026 13:00:00 GMT+0530 (India Standard Time)","15731.00","15780.00","15731.00","15754.00","7386.00"
"Thu Aug 20 2026 14:00:00 GMT+0530 (India Standard Time)","15754.00","15767.00","15744.00","15760.00","3395.00"
"Thu Aug 20 2026 15:00:00 GMT+0530 (India Standard Time)","15760.00","15770.00","15737.00","15770.00","6656.00"
"Thu Aug 20 2026 16:00:00 GMT+0530 (India Standard Time)","15770.00","15779.00","15747.00","15753.00","6784.00"
"Thu Aug 20 2026 17:00:00 GMT+0530 (India Standard Time)","15753.00","15758.00","15620.00","15680.00","38991.00"
"Thu Aug 20 2026 18:00:00 GMT+0530 (India Standard Time)","15680.00","15759.00","15660.00","15722.00","24142.00"
"Thu Aug 20 2026 19:00:00 GMT+0530 (India Standard Time)","15719.00","15787.00","15718.00","15774.00","22376.00"
"Thu Aug 20 2026 20:00:00 GMT+0530 (India Standard Time)","15774.00","15918.00","15774.00","15892.00","43470.00"
"Thu Aug 20 2026 21:00:00 GMT+0530 (India Standard Time)","15892.00","15893.00","15822.00","15840.00","25473.00"
"Thu Aug 20 2026 22:00:00 GMT+0530 (India Standard Time)","15840.00","15860.00","15829.00","15849.00","8438.00"
"Thu Aug 20 2026 23:00:00 GMT+0530 (India Standard Time)","15847.00","15862.00","15844.00","15855.00","7080.00"
"Fri Aug 21 2026 09:00:00 GMT+0530 (India Standard Time)","15888.00","15960.00","15864.00","15959.00","20445.00"
"Fri Aug 21 2026 10:00:00 GMT+0530 (India Standard Time)","15959.00","15965.00","15905.00","15908.00","9043.00"
"Fri Aug 21 2026 11:00:00 GMT+0530 (India Standard Time)","15908.00","15980.00","15907.00","15980.00","12756.00"
"Fri Aug 21 2026 12:00:00 GMT+0530 (India Standard Time)","15976.00","16005.00","15972.00","15994.00","15829.00"
"Fri Aug 21 2026 13:00:00 GMT+0530 (India Standard Time)","15992.00","16040.00","15977.00","16038.00","13663.00"
"Fri Aug 21 2026 14:00:00 GMT+0530 (India Standard Time)","16038.00","16110.00","16030.00","16045.00","26478.00"
"Fri Aug 21 2026 15:00:00 GMT+0530 (India Standard Time)","16047.00","16078.00","16037.00","16068.00","19787.00"
"Fri Aug 21 2026 16:00:00 GMT+0530 (India Standard Time)","16069.00","16104.00","16055.00","16101.00","9964.00"
"Fri Aug 21 2026 17:00:00 GMT+0530 (India Standard Time)","16101.00","16115.00","16050.00","16070.00","21375.00"
"Fri Aug 21 2026 18:00:00 GMT+0530 (India Standard Time)","16067.00","16072.00","15969.00","16060.00","34609.00"
"Fri Aug 21 2026 19:00:00 GMT+0530 (India Standard Time)","16060.00","16100.00","16022.00","16093.00","18771.00"
"Fri Aug 21 2026 20:00:00 GMT+0530 (India Standard Time)","16093.00","16096.00","16043.00","16087.00","19734.00"
"Fri Aug 21 2026 21:00:00 GMT+0530 (India Standard Time)","16087.00","16133.00","16077.00","16108.00","20064.00"
"Fri Aug 21 2026 22:00:00 GMT+0530 (India Standard Time)","16108.00","16150.00","16107.00","16129.00","20416.00"
"Fri Aug 21 2026 23:00:00 GMT+0530 (India Standard Time)","16129.00","16150.00","16117.00","16135.00","9538.00"
"Mon Aug 24 2026 09:00:00 GMT+0530 (India Standard Time)","16133.00","16287.00","16113.00","16248.00","33009.00"
"Mon Aug 24 2026 10:00:00 GMT+0530 (India Standard Time)","16248.00","16274.00","16225.00","16253.00","12884.00"
"Mon Aug 24 2026 11:00:00 GMT+0530 (India Standard Time)","16253.00","16320.00","16235.00","16287.00","18119.00"
"Mon Aug 24 2026 12:00:00 GMT+0530 (India Standard Time)","16287.00","16316.00","16287.00","16291.00","8255.00"
"Mon Aug 24 2026 13:00:00 GMT+0530 (India Standard Time)","16291.00","16304.00","16235.00","16240.00","12715.00"
"Mon Aug 24 2026 14:00:00 GMT+0530 (India Standard Time)","16239.00","16277.00","16239.00","16252.00","7705.00"
"Mon Aug 24 2026 15:00:00 GMT+0530 (India Standard Time)","16252.00","16288.00","16245.00","16275.00","9271.00"
"Mon Aug 24 2026 16:00:00 GMT+0530 (India Standard Time)","16275.00","16297.00","16265.00","16280.00","7810.00"
"Mon Aug 24 2026 17:00:00 GMT+0530 (India Standard Time)","16280.00","16325.00","16273.00","16319.00","18661.00"
"Mon Aug 24 2026 18:00:00 GMT+0530 (India Standard Time)","16319.00","16398.00","16299.00","16372.00","23709.00"
"Mon Aug 24 2026 19:00:00 GMT+0530 (India Standard Time)","16372.00","16390.00","16335.00","16371.00","23834.00"
"Mon Aug 24 2026 20:00:00 GMT+0530 (India Standard Time)","16371.00","16387.00","16344.00","16371.00","12202.00"
"Mon Aug 24 2026 21:00:00 GMT+0530 (India Standard Time)","16371.00","16379.00","16265.00","16326.00","35384.00"
"Mon Aug 24 2026 22:00:00 GMT+0530 (India Standard Time)","16326.00","16343.00","16229.00","16255.00","25754.00"
"Mon Aug 24 2026 23:00:00 GMT+0530 (India Standard Time)","16253.00","16271.00","16202.00","16226.00","20888.00"
"Tue Aug 25 2026 09:00:00 GMT+0530 (India Standard Time)","16212.00","16281.00","16181.00","16201.00","16284.00"
"Tue Aug 25 2026 10:00:00 GMT+0530 (India Standard Time)","16201.00","16280.00","16143.00","16270.00","18839.00"
"Tue Aug 25 2026 11:00:00 GMT+0530 (India Standard Time)","16270.00","16301.00","16222.00","16297.00","16395.00"
"Tue Aug 25 2026 12:00:00 GMT+0530 (India Standard Time)","16294.00","16302.00","16226.00","16230.00","9477.00"
"Tue Aug 25 2026 13:00:00 GMT+0530 (India Standard Time)","16219.00","16259.00","16189.00","16232.00","15396.00"
"Tue Aug 25 2026 14:00:00 GMT+0530 (India Standard Time)","16232.00","16244.00","16185.00","16196.00","9514.00"
"Tue Aug 25 2026 15:00:00 GMT+0530 (India Standard Time)","16196.00","16230.00","16180.00","16214.00","8840.00"
"Tue Aug 25 2026 16:00:00 GMT+0530 (India Standard Time)","16214.00","16240.00","16205.00","16230.00","8156.00"
"Tue Aug 25 2026 17:00:00 GMT+0530 (India Standard Time)","16230.00","16251.00","16227.00","16251.00","2590.00"